,bright_sum,bright_size,bright_density,dark_sum,dark_size,dark_density
0,2200.0,21.0,104.76190476190476,0.0,0.0,
1,5411.0,48.0,112.72916666666667,0.0,0.0,
2,4041.0,37.0,109.21621621621621,0.0,0.0,
3,16782.0,149.0,112.63087248322148,0.0,0.0,
4,31296.0,267.0,117.21348314606742,0.0,0.0,
5,6037.0,53.0,113.90566037735849,0.0,0.0,
6,20386.0,167.0,122.07185628742515,0.0,0.0,
7,7283.0,65.0,112.04615384615384,0.0,0.0,
8,5852.0,53.0,110.41509433962264,0.0,0.0,
9,14798.0,127.0,116.51968503937007,0.0,0.0,
10,20943.0,181.0,115.70718232044199,0.0,0.0,
11,4604.0,41.0,112.29268292682927,0.0,0.0,
12,12193.0,109.0,111.86238532110092,0.0,0.0,
13,12354.0,106.0,116.54716981132076,0.0,0.0,
14,25913.0,230.0,112.66521739130435,0.0,0.0,
15,11804.0,108.0,109.29629629629629,0.0,0.0,
16,12964.0,117.0,110.80341880341881,0.0,0.0,
17,47530.0,406.0,117.06896551724138,0.0,0.0,
18,35082.0,311.0,112.80385852090032,0.0,0.0,
19,35338.0,292.0,121.02054794520548,0.0,0.0,
20,36292.0,313.0,115.94888178913737,0.0,0.0,
21,8600.0,75.0,114.66666666666667,0.0,0.0,
22,8844.0,83.0,106.55421686746988,0.0,0.0,
23,37175.0,323.0,115.09287925696594,0.0,0.0,
24,31356.0,279.0,112.38709677419355,0.0,0.0,
25,7469.0,65.0,114.9076923076923,0.0,0.0,
26,8030.0,70.0,114.71428571428571,0.0,0.0,
27,7959.0,75.0,106.12,0.0,0.0,
28,19305.0,169.0,114.23076923076923,0.0,0.0,
29,641.0,6.0,106.83333333333333,0.0,0.0,
30,12672.0,104.0,121.84615384615384,0.0,0.0,
31,21495.0,189.0,113.73015873015873,0.0,0.0,
32,25349.0,225.0,112.66222222222223,0.0,0.0,
33,15509.0,135.0,114.88148148148149,0.0,0.0,
34,5370.0,44.0,122.04545454545455,0.0,0.0,
35,25094.0,210.0,119.4952380952381,0.0,0.0,
36,13159.0,118.0,111.51694915254237,0.0,0.0,
37,27559.0,227.0,121.40528634361233,179995.0,1319.0,136.46322971948445
38,10477.0,95.0,110.28421052631579,3850.0,31.0,124.19354838709677
39,9413.0,82.0,114.79268292682927,0.0,0.0,
40,12103.0,99.0,122.25252525252525,0.0,0.0,
41,21431.0,187.0,114.60427807486631,0.0,0.0,
42,4496.0,37.0,121.51351351351352,0.0,0.0,
43,3553.0,32.0,111.03125,0.0,0.0,
44,10311.0,97.0,106.29896907216495,18360.0,151.0,121.58940397350993
45,14767.0,131.0,112.72519083969466,0.0,0.0,
46,8488.0,72.0,117.88888888888889,0.0,0.0,
47,7203.0,59.0,122.08474576271186,0.0,0.0,
48,5417.0,46.0,117.76086956521739,0.0,0.0,
49,152768.0,1414.0,108.03960396039604,15896.0,126.0,126.15873015873017
50,5583.0,48.0,116.3125,0.0,0.0,
51,9805.0,89.0,110.1685393258427,0.0,0.0,
52,11142.0,94.0,118.53191489361703,0.0,0.0,
53,11149.0,95.0,117.3578947368421,0.0,0.0,
54,11753.0,108.0,108.82407407407408,0.0,0.0,
55,12701.0,113.0,112.39823008849558,0.0,0.0,
56,6390.0,54.0,118.33333333333333,0.0,0.0,
57,32061.0,272.0,117.87132352941177,0.0,0.0,
58,11019.0,102.0,108.02941176470588,123.0,1.0,123.0
59,11850.0,108.0,109.72222222222223,0.0,0.0,
60,21455.0,179.0,119.86033519553072,0.0,0.0,
61,19372.0,165.0,117.4060606060606,0.0,0.0,
62,6548.0,55.0,119.05454545454545,0.0,0.0,
63,10154.0,91.0,111.58241758241758,0.0,0.0,
64,5020.0,44.0,114.0909090909091,0.0,0.0,
65,14259.0,123.0,115.92682926829268,0.0,0.0,
66,24297.0,217.0,111.96774193548387,0.0,0.0,
67,9661.0,81.0,119.27160493827161,0.0,0.0,
68,14085.0,120.0,117.375,0.0,0.0,
69,13486.0,120.0,112.38333333333334,0.0,0.0,
70,691026.0,5574.0,123.97308934337998,182008.0,1046.0,174.0038240917782
71,586944.0,5400.0,108.69333333333333,496071.0,3332.0,148.88085234093637
72,17807.0,144.0,123.65972222222223,0.0,0.0,
73,26185.0,224.0,116.89732142857143,0.0,0.0,
74,21799.0,191.0,114.13089005235602,86948.0,622.0,139.7877813504823
75,8095.0,74.0,109.39189189189189,0.0,0.0,
76,39248.0,317.0,123.81072555205047,0.0,0.0,
77,9300.0,82.0,113.41463414634147,0.0,0.0,
78,20580.0,184.0,111.84782608695652,0.0,0.0,
79,2776.0,25.0,111.04,0.0,0.0,
80,25025.0,224.0,111.71875,0.0,0.0,
81,8271.0,69.0,119.8695652173913,0.0,0.0,
82,21879.0,188.0,116.37765957446808,0.0,0.0,
83,6543.0,58.0,112.8103448275862,510.0,4.0,127.5
84,4004.0,33.0,121.33333333333333,0.0,0.0,
85,331878.0,2668.0,124.39205397301349,159056.0,928.0,171.39655172413794
86,0.0,0.0,,0.0,0.0,
87,1183.0,10.0,118.3,0.0,0.0,
88,27072.0,225.0,120.32,0.0,0.0,
89,16892.0,140.0,120.65714285714286,0.0,0.0,
90,6329.0,50.0,126.58,0.0,0.0,
91,27193.0,242.0,112.36776859504133,0.0,0.0,
92,37020.0,284.0,130.35211267605635,0.0,0.0,
93,137540.0,1080.0,127.35185185185185,207788.0,1356.0,153.23598820058996
94,7968.0,73.0,109.15068493150685,0.0,0.0,
95,13405.0,124.0,108.10483870967742,0.0,0.0,
96,12970.0,121.0,107.1900826446281,0.0,0.0,
97,5059.0,46.0,109.97826086956522,0.0,0.0,
98,20049.0,179.0,112.00558659217877,0.0,0.0,
99,315.0,3.0,105.0,0.0,0.0,
100,4902.0,44.0,111.4090909090909,0.0,0.0,
101,45179.0,523.0,86.38432122370936,0.0,0.0,
102,11606.0,98.0,118.42857142857143,0.0,0.0,
103,25913.0,230.0,112.66521739130435,0.0,0.0,
104,9039.0,82.0,110.23170731707317,0.0,0.0,
105,364160.0,2510.0,145.08366533864543,621561.0,3608.0,172.2730044345898
106,27861.0,218.0,127.80275229357798,111310.0,744.0,149.61021505376345
107,31443.0,263.0,119.5551330798479,0.0,0.0,
108,13309.0,116.0,114.73275862068965,0.0,0.0,
109,14379.0,126.0,114.11904761904762,0.0,0.0,
110,25013.0,208.0,120.2548076923077,0.0,0.0,
111,20944.0,179.0,117.00558659217877,0.0,0.0,
112,6712.0,58.0,115.72413793103448,0.0,0.0,
113,17733.0,137.0,129.43795620437956,711.0,5.0,142.2
114,12534.0,117.0,107.12820512820512,0.0,0.0,
115,1005.0,9.0,111.66666666666667,0.0,0.0,
116,5743.0,51.0,112.6078431372549,0.0,0.0,
117,6821.0,54.0,126.31481481481481,0.0,0.0,
118,32368.0,277.0,116.85198555956678,0.0,0.0,
119,26829.0,230.0,116.64782608695653,0.0,0.0,
120,6503.0,54.0,120.42592592592592,0.0,0.0,
121,16674.0,135.0,123.5111111111111,0.0,0.0,
122,6010.0,52.0,115.57692307692308,0.0,0.0,
123,17070.0,149.0,114.56375838926175,0.0,0.0,
124,35249.0,307.0,114.81758957654723,0.0,0.0,
125,210042.0,1814.0,115.78941565600881,724401.0,4497.0,161.08539026017345
126,6161.0,53.0,116.24528301886792,0.0,0.0,
127,13506.0,125.0,108.048,0.0,0.0,
128,7301.0,64.0,114.078125,0.0,0.0,
129,3405.0,29.0,117.41379310344827,0.0,0.0,
130,6751.0,56.0,120.55357142857143,0.0,0.0,
131,14102.0,119.0,118.50420168067227,0.0,0.0,
132,31359.0,256.0,122.49609375,0.0,0.0,
133,32144.0,278.0,115.62589928057554,0.0,0.0,
134,15294.0,126.0,121.38095238095238,0.0,0.0,
135,10233.0,89.0,114.97752808988764,0.0,0.0,
136,4826.0,42.0,114.9047619047619,0.0,0.0,
137,9092.0,79.0,115.0886075949367,0.0,0.0,
138,8302.0,72.0,115.30555555555556,0.0,0.0,
139,61398.0,505.0,121.58019801980198,0.0,0.0,
140,15201.0,136.0,111.7720588235294,0.0,0.0,
141,12442.0,97.0,128.2680412371134,0.0,0.0,
142,12634.0,112.0,112.80357142857143,0.0,0.0,
143,52614.0,430.0,122.35813953488372,0.0,0.0,
144,14201.0,118.0,120.34745762711864,94057.0,650.0,144.70307692307694
145,18331.0,153.0,119.81045751633987,0.0,0.0,
146,29721.0,249.0,119.36144578313252,0.0,0.0,
147,15731.0,132.0,119.17424242424242,0.0,0.0,
148,608527.0,4859.0,125.2370858201276,162430.0,946.0,171.70190274841437
149,18976.0,156.0,121.64102564102564,0.0,0.0,
150,11628.0,98.0,118.65306122448979,0.0,0.0,
151,9052.0,79.0,114.58227848101266,0.0,0.0,
152,17928.0,162.0,110.66666666666667,0.0,0.0,
153,51425.0,465.0,110.59139784946237,0.0,0.0,
154,12722.0,114.0,111.59649122807018,0.0,0.0,
155,26530.0,239.0,111.00418410041841,0.0,0.0,
156,9257.0,81.0,114.28395061728395,0.0,0.0,
157,6179.0,51.0,121.15686274509804,0.0,0.0,
158,6760.0,59.0,114.57627118644068,0.0,0.0,
159,25358.0,218.0,116.3211009174312,0.0,0.0,
160,53362.0,442.0,120.72850678733032,0.0,0.0,
161,3094.0,27.0,114.5925925925926,0.0,0.0,
162,9320.0,82.0,113.65853658536585,0.0,0.0,
163,15491.0,130.0,119.16153846153846,0.0,0.0,
164,0.0,0.0,,0.0,0.0,
165,5004.0,42.0,119.14285714285714,0.0,0.0,
166,6900.0,60.0,115.0,0.0,0.0,
167,8572.0,71.0,120.73239436619718,0.0,0.0,
168,36760.0,319.0,115.23510971786834,0.0,0.0,
169,47110.0,408.0,115.4656862745098,0.0,0.0,
170,11644.0,99.0,117.61616161616162,0.0,0.0,
171,17054.0,145.0,117.61379310344827,0.0,0.0,
172,10359.0,84.0,123.32142857142857,0.0,0.0,
173,48342.0,430.0,112.42325581395349,0.0,0.0,
174,9697.0,75.0,129.29333333333332,0.0,0.0,
175,19810.0,163.0,121.53374233128834,118306.0,752.0,157.3218085106383
176,4548.0,42.0,108.28571428571429,0.0,0.0,
177,6724.0,60.0,112.06666666666666,0.0,0.0,
178,8490.0,71.0,119.5774647887324,0.0,0.0,
179,9352.0,79.0,118.37974683544304,0.0,0.0,
180,18621.0,177.0,105.20338983050847,0.0,0.0,
181,7910.0,66.0,119.84848484848484,0.0,0.0,
182,5508.0,49.0,112.40816326530613,0.0,0.0,
183,4766.0,45.0,105.91111111111111,0.0,0.0,
184,600.0,6.0,100.0,97748.0,816.0,119.78921568627452
185,3762.0,33.0,114.0,0.0,0.0,
186,93510.0,868.0,107.73041474654377,0.0,0.0,
187,22677.0,195.0,116.29230769230769,0.0,0.0,
188,12112.0,105.0,115.35238095238095,0.0,0.0,
189,26985.0,244.0,110.59426229508196,0.0,0.0,
190,8583.0,72.0,119.20833333333333,0.0,0.0,
191,5042.0,45.0,112.04444444444445,0.0,0.0,
192,8101.0,68.0,119.13235294117646,0.0,0.0,
193,20676.0,177.0,116.8135593220339,0.0,0.0,
194,13726.0,110.0,124.78181818181818,0.0,0.0,
195,10736.0,93.0,115.44086021505376,0.0,0.0,
196,25321.0,220.0,115.09545454545454,0.0,0.0,
197,8168.0,71.0,115.04225352112677,0.0,0.0,
198,1967.0,17.0,115.70588235294117,0.0,0.0,
199,14864.0,123.0,120.84552845528455,0.0,0.0,
200,19608.0,163.0,120.29447852760737,0.0,0.0,
201,13514.0,111.0,121.74774774774775,0.0,0.0,
202,11641.0,96.0,121.26041666666667,0.0,0.0,
203,268905.0,2240.0,120.046875,203815.0,1366.0,149.205710102489
204,4913.0,40.0,122.825,0.0,0.0,
205,19469.0,186.0,104.67204301075269,0.0,0.0,
206,14875.0,137.0,108.57664233576642,0.0,0.0,
207,6127.0,51.0,120.13725490196079,0.0,0.0,
208,10956.0,102.0,107.41176470588235,0.0,0.0,
209,13094.0,109.0,120.12844036697248,0.0,0.0,
210,7253.0,70.0,103.61428571428571,31111.0,257.0,121.05447470817121
211,28361.0,256.0,110.78515625,0.0,0.0,
212,12447.0,106.0,117.4245283018868,0.0,0.0,
213,6411.0,61.0,105.09836065573771,0.0,0.0,
214,74927.0,640.0,117.0734375,0.0,0.0,
215,4919.0,45.0,109.31111111111112,0.0,0.0,
216,21234.0,190.0,111.7578947368421,0.0,0.0,
217,13052.0,113.0,115.50442477876106,0.0,0.0,
218,13817.0,118.0,117.09322033898304,0.0,0.0,
219,41692.0,371.0,112.37735849056604,0.0,0.0,
220,12563.0,106.0,118.51886792452831,0.0,0.0,
221,32958.0,288.0,114.4375,0.0,0.0,
222,7306.0,65.0,112.4,0.0,0.0,
223,14539.0,118.0,123.21186440677967,0.0,0.0,
224,76285.0,663.0,115.06033182503771,0.0,0.0,
225,9464.0,85.0,111.34117647058824,0.0,0.0,
226,7636.0,65.0,117.47692307692307,0.0,0.0,
227,9390.0,84.0,111.78571428571429,0.0,0.0,
228,12553.0,109.0,115.1651376146789,0.0,0.0,
229,239466.0,2047.0,116.98387884709331,713657.0,4519.0,157.9236556760345
230,6825.0,61.0,111.88524590163935,0.0,0.0,
231,10548.0,90.0,117.2,0.0,0.0,
232,7142.0,64.0,111.59375,0.0,0.0,
233,10602.0,91.0,116.50549450549451,0.0,0.0,
234,57256.0,531.0,107.82674199623352,0.0,0.0,
235,17537.0,143.0,122.63636363636364,0.0,0.0,
236,8852.0,76.0,116.47368421052632,0.0,0.0,
237,19483.0,162.0,120.26543209876543,0.0,0.0,
238,6481.0,57.0,113.70175438596492,130.0,1.0,130.0
239,5936.0,53.0,112.0,0.0,0.0,
240,48810.0,398.0,122.63819095477388,121368.0,772.0,157.21243523316062
241,9395.0,79.0,118.92405063291139,0.0,0.0,
242,5053.0,43.0,117.51162790697674,0.0,0.0,
243,17132.0,139.0,123.25179856115108,0.0,0.0,
244,5784.0,50.0,115.68,0.0,0.0,
245,6801.0,59.0,115.27118644067797,0.0,0.0,
246,8846.0,88.0,100.52272727272727,0.0,0.0,
247,13280.0,111.0,119.63963963963964,0.0,0.0,
248,8215.0,76.0,108.09210526315789,0.0,0.0,
249,18860.0,182.0,103.62637362637362,6342.0,53.0,119.66037735849056
250,21458.0,175.0,122.61714285714285,0.0,0.0,
251,11600.0,103.0,112.62135922330097,1931.0,15.0,128.73333333333332
252,23582.0,205.0,115.03414634146341,0.0,0.0,
253,14193.0,119.0,119.26890756302521,0.0,0.0,
254,5451.0,43.0,126.76744186046511,0.0,0.0,
255,10394.0,87.0,119.47126436781609,0.0,0.0,
256,689389.0,5226.0,131.91523153463453,273889.0,1716.0,159.60897435897436
257,5445.0,47.0,115.85106382978724,0.0,0.0,
258,4583.0,39.0,117.51282051282051,0.0,0.0,
259,4314.0,37.0,116.5945945945946,0.0,0.0,
260,9667.0,85.0,113.72941176470589,0.0,0.0,
261,17529.0,146.0,120.06164383561644,0.0,0.0,
262,16488.0,131.0,125.86259541984732,0.0,0.0,
263,9622.0,82.0,117.34146341463415,0.0,0.0,
264,21192.0,172.0,123.20930232558139,0.0,0.0,
265,28544.0,245.0,116.5061224489796,0.0,0.0,
266,13312.0,109.0,122.12844036697248,0.0,0.0,
267,9847.0,86.0,114.5,0.0,0.0,
268,13687.0,110.0,124.42727272727272,0.0,0.0,
269,23765.0,207.0,114.80676328502416,0.0,0.0,
270,5184.0,44.0,117.81818181818181,0.0,0.0,
271,6475.0,57.0,113.59649122807018,0.0,0.0,
272,11567.0,104.0,111.22115384615384,0.0,0.0,
273,11571.0,99.0,116.87878787878788,0.0,0.0,
274,5878.0,57.0,103.12280701754386,0.0,0.0,
275,23412.0,185.0,126.55135135135136,0.0,0.0,
276,27935.0,252.0,110.85317460317461,0.0,0.0,
277,19893.0,164.0,121.29878048780488,0.0,0.0,
278,7512.0,65.0,115.56923076923077,0.0,0.0,
279,20922.0,172.0,121.63953488372093,0.0,0.0,
280,31816.0,275.0,115.69454545454545,1968.0,15.0,131.2
281,14580.0,131.0,111.29770992366412,0.0,0.0,
282,7339.0,68.0,107.92647058823529,0.0,0.0,
283,0.0,0.0,,103095.0,697.0,147.91248206599712
284,6353.0,62.0,102.46774193548387,0.0,0.0,
285,9866.0,86.0,114.72093023255815,0.0,0.0,
286,13927.0,123.0,113.22764227642277,0.0,0.0,
287,42422.0,388.0,109.33505154639175,0.0,0.0,
288,18733.0,151.0,124.05960264900662,0.0,0.0,
289,9682.0,83.0,116.65060240963855,0.0,0.0,
290,8430.0,72.0,117.08333333333333,0.0,0.0,
291,32587.0,284.0,114.74295774647888,171157.0,1291.0,132.57707203718047
292,61277.0,521.0,117.61420345489444,0.0,0.0,
293,11362.0,104.0,109.25,0.0,0.0,
294,12565.0,113.0,111.19469026548673,0.0,0.0,
295,4180.0,38.0,110.0,0.0,0.0,
296,12720.0,104.0,122.3076923076923,0.0,0.0,
297,11106.0,99.0,112.18181818181819,0.0,0.0,
298,35194.0,310.0,113.52903225806452,0.0,0.0,
299,6411.0,58.0,110.53448275862068,0.0,0.0,
300,0.0,0.0,,105696.0,720.0,146.8
301,4015.0,34.0,118.08823529411765,0.0,0.0,
302,3690.0,33.0,111.81818181818181,0.0,0.0,
303,4396.0,38.0,115.6842105263158,0.0,0.0,
304,6162.0,53.0,116.26415094339623,0.0,0.0,
305,3804.0,35.0,108.68571428571428,0.0,0.0,
306,14878.0,150.0,99.18666666666667,0.0,0.0,
307,7053.0,65.0,108.50769230769231,0.0,0.0,
308,0.0,0.0,,0.0,0.0,
309,3818.0,34.0,112.29411764705883,0.0,0.0,
310,924.0,8.0,115.5,0.0,0.0,
311,20874.0,184.0,113.44565217391305,0.0,0.0,
312,15643.0,127.0,123.1732283464567,0.0,0.0,
313,112069.0,1209.0,92.69561621174525,216294.0,1907.0,113.42108023072889
314,41354.0,378.0,109.4021164021164,0.0,0.0,
315,45869.0,401.0,114.38653366583542,0.0,0.0,
316,7218.0,58.0,124.44827586206897,0.0,0.0,
317,7118.0,64.0,111.21875,0.0,0.0,
318,9966.0,82.0,121.53658536585365,0.0,0.0,
319,10512.0,81.0,129.77777777777777,0.0,0.0,
320,10535.0,91.0,115.76923076923077,0.0,0.0,
321,23454.0,227.0,103.3215859030837,0.0,0.0,
322,11959.0,116.0,103.09482758620689,0.0,0.0,
323,582817.0,5209.0,111.88654252255711,434092.0,3047.0,142.4653757794552
324,39028.0,346.0,112.79768786127168,0.0,0.0,
325,13581.0,113.0,120.1858407079646,0.0,0.0,
326,12920.0,115.0,112.34782608695652,0.0,0.0,
327,23836.0,202.0,118.0,0.0,0.0,
328,8310.0,68.0,122.20588235294117,0.0,0.0,
329,512109.0,4109.0,124.63105378437577,170092.0,962.0,176.8108108108108
330,51512.0,447.0,115.23937360178971,0.0,0.0,
331,6491.0,56.0,115.91071428571429,0.0,0.0,
332,20817.0,187.0,111.32085561497327,523.0,4.0,130.75
333,5306.0,49.0,108.28571428571429,0.0,0.0,
334,9627.0,82.0,117.40243902439025,0.0,0.0,
335,12162.0,105.0,115.82857142857142,0.0,0.0,
336,2020.0,17.0,118.82352941176471,0.0,0.0,
337,10051.0,87.0,115.52873563218391,0.0,0.0,
338,12576.0,102.0,123.29411764705883,0.0,0.0,
339,4656.0,48.0,97.0,0.0,0.0,
340,28576.0,240.0,119.06666666666666,0.0,0.0,
341,31270.0,250.0,125.08,0.0,0.0,
342,22206.0,180.0,123.36666666666666,0.0,0.0,
343,8855.0,71.0,124.71830985915493,0.0,0.0,
344,17662.0,153.0,115.43790849673202,0.0,0.0,
345,27968.0,236.0,118.50847457627118,133.0,1.0,133.0
346,9763.0,83.0,117.62650602409639,0.0,0.0,
347,8419.0,70.0,120.27142857142857,0.0,0.0,
348,8428.0,74.0,113.89189189189189,0.0,0.0,
349,11321.0,101.0,112.08910891089108,0.0,0.0,
350,3728.0,35.0,106.51428571428572,0.0,0.0,
351,5308.0,40.0,132.7,0.0,0.0,
352,11968.0,106.0,112.90566037735849,0.0,0.0,
353,1867.0,16.0,116.6875,0.0,0.0,
354,9428.0,78.0,120.87179487179488,0.0,0.0,
355,12739.0,119.0,107.05042016806723,0.0,0.0,
356,444601.0,3205.0,138.7210608424337,713557.0,4305.0,165.75075493612079
357,4901.0,40.0,122.525,0.0,0.0,
358,7573.0,67.0,113.02985074626865,0.0,0.0,
359,11828.0,109.0,108.5137614678899,0.0,0.0,
360,14661.0,135.0,108.6,0.0,0.0,
361,66621.0,535.0,124.52523364485981,0.0,0.0,
362,13173.0,117.0,112.58974358974359,0.0,0.0,
363,2713.0,25.0,108.52,0.0,0.0,
364,8273.0,70.0,118.18571428571428,0.0,0.0,
365,7822.0,71.0,110.16901408450704,0.0,0.0,
366,24278.0,210.0,115.60952380952381,0.0,0.0,
367,35655.0,311.0,114.64630225080386,0.0,0.0,
368,45400.0,384.0,118.22916666666667,0.0,0.0,
369,12239.0,101.0,121.17821782178218,0.0,0.0,
370,52558.0,476.0,110.41596638655462,0.0,0.0,
371,11683.0,98.0,119.21428571428571,0.0,0.0,
372,15145.0,119.0,127.26890756302521,0.0,0.0,
373,11088.0,91.0,121.84615384615384,0.0,0.0,
374,12100.0,102.0,118.62745098039215,0.0,0.0,
375,9644.0,78.0,123.64102564102564,0.0,0.0,
376,19674.0,180.0,109.3,0.0,0.0,
377,9944.0,92.0,108.08695652173913,0.0,0.0,
378,20956.0,181.0,115.77900552486187,0.0,0.0,
379,11631.0,98.0,118.68367346938776,0.0,0.0,
380,17614.0,158.0,111.48101265822785,0.0,0.0,
381,152768.0,1414.0,108.03960396039604,20844.0,166.0,125.56626506024097
382,11081.0,98.0,113.07142857142857,0.0,0.0,
383,8557.0,79.0,108.31645569620254,0.0,0.0,
384,6941.0,65.0,106.78461538461538,0.0,0.0,
385,0.0,0.0,,2553.0,18.0,141.83333333333334
386,0.0,0.0,,2862.0,21.0,136.28571428571428
387,0.0,0.0,,3171.0,22.0,144.13636363636363
388,0.0,0.0,,2336.0,18.0,129.77777777777777
389,0.0,0.0,,3676.0,26.0,141.3846153846154
390,0.0,0.0,,269.0,2.0,134.5
391,0.0,0.0,,2176.0,16.0,136.0
392,0.0,0.0,,5087.0,36.0,141.30555555555554
393,0.0,0.0,,4190.0,29.0,144.48275862068965
394,0.0,0.0,,3519.0,25.0,140.76
395,0.0,0.0,,42570.0,308.0,138.21428571428572
396,0.0,0.0,,4266.0,31.0,137.61290322580646
397,7781.0,64.0,121.578125,93714.0,649.0,144.3975346687211
398,0.0,0.0,,4785.0,34.0,140.73529411764707
399,0.0,0.0,,15766.0,106.0,148.73584905660377
400,1808.0,15.0,120.53333333333333,3581.0,25.0,143.24
401,0.0,0.0,,2059.0,15.0,137.26666666666668
402,0.0,0.0,,3782.0,28.0,135.07142857142858
403,0.0,0.0,,1627.0,12.0,135.58333333333334
404,0.0,0.0,,5747.0,39.0,147.35897435897436
405,3745.0,32.0,117.03125,2278.0,17.0,134.0
406,0.0,0.0,,3490.0,26.0,134.23076923076923
407,0.0,0.0,,533.0,4.0,133.25
408,96775.0,753.0,128.51925630810092,252544.0,1758.0,143.65415244596133
409,0.0,0.0,,2019.0,15.0,134.6
410,0.0,0.0,,5202.0,35.0,148.62857142857143
411,0.0,0.0,,52094.0,369.0,141.17615176151762
412,0.0,0.0,,2906.0,20.0,145.3
413,0.0,0.0,,3117.0,22.0,141.6818181818182
414,0.0,0.0,,785.0,6.0,130.83333333333334
415,0.0,0.0,,2805.0,20.0,140.25
416,0.0,0.0,,6180.0,41.0,150.73170731707316
417,0.0,0.0,,50985.0,380.0,134.17105263157896
418,73774.0,657.0,112.28919330289193,4427.0,35.0,126.48571428571428
419,0.0,0.0,,1280.0,10.0,128.0
420,0.0,0.0,,1647.0,12.0,137.25
421,0.0,0.0,,3616.0,27.0,133.92592592592592
422,0.0,0.0,,3272.0,23.0,142.2608695652174
423,0.0,0.0,,2931.0,21.0,139.57142857142858
424,0.0,0.0,,1831.0,13.0,140.84615384615384
425,0.0,0.0,,6004.0,40.0,150.1
426,253.0,2.0,126.5,3516.0,24.0,146.5
427,402636.0,3771.0,106.7716785998409,287507.0,2150.0,133.72418604651162
428,0.0,0.0,,2726.0,19.0,143.47368421052633
429,0.0,0.0,,2603.0,18.0,144.61111111111111
430,0.0,0.0,,2611.0,18.0,145.05555555555554
431,0.0,0.0,,2298.0,17.0,135.1764705882353
432,0.0,0.0,,698.0,5.0,139.6
433,0.0,0.0,,1795.0,13.0,138.07692307692307
434,0.0,0.0,,3559.0,28.0,127.10714285714286
435,0.0,0.0,,1792.0,13.0,137.84615384615384
436,358.0,3.0,119.33333333333333,3958.0,29.0,136.48275862068965
437,116.0,1.0,116.0,95579.0,679.0,140.76435935198822
438,0.0,0.0,,1209.0,9.0,134.33333333333334
439,0.0,0.0,,7873.0,56.0,140.58928571428572
440,0.0,0.0,,1904.0,14.0,136.0
441,0.0,0.0,,3177.0,22.0,144.4090909090909
442,0.0,0.0,,2185.0,16.0,136.5625
443,0.0,0.0,,1629.0,12.0,135.75
444,0.0,0.0,,2776.0,20.0,138.8
445,12699.0,108.0,117.58333333333333,4075.0,30.0,135.83333333333334
446,0.0,0.0,,3941.0,29.0,135.89655172413794
447,0.0,0.0,,7111.0,49.0,145.12244897959184
448,0.0,0.0,,2045.0,16.0,127.8125
449,0.0,0.0,,3901.0,28.0,139.32142857142858
450,0.0,0.0,,4738.0,34.0,139.35294117647058
451,0.0,0.0,,57377.0,417.0,137.5947242206235
452,0.0,0.0,,1859.0,13.0,143.0
453,0.0,0.0,,7353.0,51.0,144.1764705882353
454,0.0,0.0,,2655.0,19.0,139.73684210526315
455,0.0,0.0,,3674.0,25.0,146.96
456,0.0,0.0,,2487.0,18.0,138.16666666666666
457,0.0,0.0,,9944.0,65.0,152.98461538461538
458,829.0,7.0,118.42857142857143,5965.0,43.0,138.72093023255815
459,0.0,0.0,,3853.0,27.0,142.7037037037037
460,333851.0,2522.0,132.37549563838223,231438.0,1571.0,147.31890515595163
461,0.0,0.0,,2241.0,16.0,140.0625
462,0.0,0.0,,3299.0,23.0,143.43478260869566
463,0.0,0.0,,1606.0,12.0,133.83333333333334
464,588.0,5.0,117.6,24373.0,183.0,133.18579234972677
465,0.0,0.0,,53049.0,386.0,137.43264248704662
466,0.0,0.0,,1530.0,11.0,139.0909090909091
467,0.0,0.0,,2887.0,22.0,131.22727272727272
468,0.0,0.0,,8717.0,62.0,140.59677419354838
469,123.0,1.0,123.0,2520.0,18.0,140.0
470,0.0,0.0,,1574.0,12.0,131.16666666666666
471,0.0,0.0,,2042.0,15.0,136.13333333333333
472,0.0,0.0,,3602.0,27.0,133.40740740740742
473,0.0,0.0,,930.0,7.0,132.85714285714286
474,0.0,0.0,,3111.0,22.0,141.4090909090909
475,0.0,0.0,,8818.0,70.0,125.97142857142858
476,0.0,0.0,,549.0,4.0,137.25
477,0.0,0.0,,42928.0,316.0,135.84810126582278
478,0.0,0.0,,1892.0,14.0,135.14285714285714
479,0.0,0.0,,1720.0,13.0,132.30769230769232
480,0.0,0.0,,4159.0,30.0,138.63333333333333
481,0.0,0.0,,2156.0,16.0,134.75
482,0.0,0.0,,5046.0,37.0,136.3783783783784
483,46659.0,367.0,127.13623978201635,5265.0,35.0,150.42857142857142
484,583.0,5.0,116.6,2598.0,19.0,136.73684210526315
485,0.0,0.0,,1986.0,14.0,141.85714285714286
486,0.0,0.0,,1336.0,10.0,133.6
487,0.0,0.0,,7594.0,55.0,138.07272727272726
488,0.0,0.0,,2884.0,21.0,137.33333333333334
489,0.0,0.0,,1975.0,15.0,131.66666666666666
490,0.0,0.0,,9339.0,57.0,163.8421052631579
491,0.0,0.0,,5440.0,40.0,136.0
492,0.0,0.0,,3808.0,26.0,146.46153846153845
493,0.0,0.0,,6383.0,44.0,145.0681818181818
494,2209.0,19.0,116.26315789473684,3692.0,27.0,136.74074074074073
495,0.0,0.0,,2953.0,21.0,140.61904761904762
496,0.0,0.0,,2598.0,18.0,144.33333333333334
497,0.0,0.0,,7017.0,56.0,125.30357142857143
498,0.0,0.0,,4622.0,34.0,135.94117647058823
499,0.0,0.0,,12069.0,72.0,167.625
500,0.0,0.0,,2160.0,16.0,135.0
501,0.0,0.0,,2137.0,15.0,142.46666666666667
502,0.0,0.0,,1799.0,13.0,138.3846153846154
503,0.0,0.0,,8197.0,55.0,149.03636363636363
504,0.0,0.0,,7198.0,55.0,130.87272727272727
505,0.0,0.0,,1667.0,12.0,138.91666666666666
506,0.0,0.0,,3013.0,22.0,136.95454545454547
507,0.0,0.0,,2381.0,18.0,132.27777777777777
508,0.0,0.0,,3261.0,24.0,135.875
509,0.0,0.0,,7795.0,54.0,144.35185185185185
510,0.0,0.0,,1149.0,8.0,143.625
511,0.0,0.0,,2931.0,20.0,146.55
512,0.0,0.0,,4485.0,31.0,144.67741935483872
513,347.0,3.0,115.66666666666667,2941.0,22.0,133.6818181818182
514,0.0,0.0,,18488.0,130.0,142.2153846153846
515,0.0,0.0,,3720.0,29.0,128.27586206896552
516,0.0,0.0,,44141.0,325.0,135.81846153846155
517,21987.0,180.0,122.15,93817.0,649.0,144.5562403697997
518,751.0,6.0,125.16666666666667,4506.0,30.0,150.2
519,0.0,0.0,,2200.0,15.0,146.66666666666666
520,0.0,0.0,,2276.0,16.0,142.25
521,0.0,0.0,,3233.0,23.0,140.56521739130434
522,0.0,0.0,,2230.0,16.0,139.375
523,0.0,0.0,,2803.0,21.0,133.47619047619048
524,0.0,0.0,,951.0,7.0,135.85714285714286
525,0.0,0.0,,838.0,6.0,139.66666666666666
526,0.0,0.0,,4723.0,33.0,143.12121212121212
527,0.0,0.0,,6372.0,44.0,144.8181818181818
528,0.0,0.0,,4058.0,29.0,139.93103448275863
529,0.0,0.0,,16032.0,130.0,123.32307692307693
530,0.0,0.0,,6088.0,45.0,135.2888888888889
531,0.0,0.0,,2658.0,20.0,132.9
532,0.0,0.0,,5618.0,41.0,137.02439024390245
533,0.0,0.0,,2226.0,16.0,139.125
534,27112.0,236.0,114.88135593220339,170688.0,1307.0,130.59525631216528
535,0.0,0.0,,3535.0,26.0,135.96153846153845
536,0.0,0.0,,4370.0,30.0,145.66666666666666
537,0.0,0.0,,0.0,0.0,
538,0.0,0.0,,3663.0,25.0,146.52
539,0.0,0.0,,4192.0,29.0,144.55172413793105
540,0.0,0.0,,2343.0,17.0,137.8235294117647
541,0.0,0.0,,1685.0,12.0,140.41666666666666
542,0.0,0.0,,279.0,2.0,139.5
543,356.0,3.0,118.66666666666667,1821.0,13.0,140.07692307692307
544,0.0,0.0,,5222.0,37.0,141.13513513513513
545,0.0,0.0,,1245.0,9.0,138.33333333333334
546,0.0,0.0,,1735.0,13.0,133.46153846153845
547,0.0,0.0,,3482.0,24.0,145.08333333333334
548,3394.0,29.0,117.03448275862068,5106.0,35.0,145.88571428571427
549,120.0,1.0,120.0,2392.0,17.0,140.7058823529412
550,0.0,0.0,,2229.0,18.0,123.83333333333333
551,0.0,0.0,,3897.0,27.0,144.33333333333334
552,0.0,0.0,,3593.0,27.0,133.07407407407408
553,0.0,0.0,,1437.0,11.0,130.63636363636363
554,0.0,0.0,,8096.0,57.0,142.03508771929825
555,0.0,0.0,,6248.0,43.0,145.30232558139534
556,0.0,0.0,,4325.0,33.0,131.06060606060606
557,0.0,0.0,,1002.0,8.0,125.25
558,0.0,0.0,,3074.0,23.0,133.65217391304347
559,0.0,0.0,,2536.0,19.0,133.47368421052633
560,0.0,0.0,,2793.0,20.0,139.65
561,0.0,0.0,,1865.0,14.0,133.21428571428572
562,0.0,0.0,,2583.0,18.0,143.5
563,30988.0,249.0,124.44979919678715,93405.0,638.0,146.40282131661442
564,0.0,0.0,,3009.0,22.0,136.77272727272728
565,0.0,0.0,,4310.0,31.0,139.03225806451613
566,0.0,0.0,,2543.0,18.0,141.27777777777777
567,0.0,0.0,,2504.0,17.0,147.2941176470588
568,0.0,0.0,,3606.0,26.0,138.69230769230768
569,0.0,0.0,,1102.0,8.0,137.75
570,0.0,0.0,,5980.0,41.0,145.85365853658536
571,1589.0,14.0,113.5,3639.0,27.0,134.77777777777777
572,0.0,0.0,,2008.0,14.0,143.42857142857142
573,0.0,0.0,,1357.0,10.0,135.7
574,0.0,0.0,,2161.0,16.0,135.0625
575,252.0,2.0,126.0,3833.0,27.0,141.96296296296296
576,0.0,0.0,,3623.0,27.0,134.1851851851852
577,0.0,0.0,,8836.0,60.0,147.26666666666668
578,0.0,0.0,,1672.0,13.0,128.6153846153846
579,0.0,0.0,,0.0,0.0,
580,0.0,0.0,,1754.0,13.0,134.92307692307693
581,0.0,0.0,,4328.0,32.0,135.25
582,0.0,0.0,,2521.0,18.0,140.05555555555554
583,0.0,0.0,,3639.0,26.0,139.96153846153845
584,0.0,0.0,,3138.0,22.0,142.63636363636363
585,1570.0,14.0,112.14285714285714,1796.0,14.0,128.28571428571428
586,0.0,0.0,,2344.0,16.0,146.5
587,0.0,0.0,,91544.0,641.0,142.81435257410297
588,0.0,0.0,,4278.0,31.0,138.0
589,242.0,2.0,121.0,2500.0,18.0,138.88888888888889
590,0.0,0.0,,44596.0,331.0,134.7311178247734
591,16555.0,131.0,126.37404580152672,3917.0,27.0,145.07407407407408
592,0.0,0.0,,2597.0,17.0,152.76470588235293
593,0.0,0.0,,41243.0,321.0,128.4828660436137
594,0.0,0.0,,1246.0,9.0,138.44444444444446
595,0.0,0.0,,48100.0,368.0,130.70652173913044
596,0.0,0.0,,5983.0,43.0,139.13953488372093
597,0.0,0.0,,1240.0,9.0,137.77777777777777
598,0.0,0.0,,1280.0,9.0,142.22222222222223
599,0.0,0.0,,5323.0,40.0,133.075
600,0.0,0.0,,3954.0,29.0,136.3448275862069
601,0.0,0.0,,3745.0,29.0,129.13793103448276
602,0.0,0.0,,2103.0,15.0,140.2
603,0.0,0.0,,2969.0,21.0,141.38095238095238
604,0.0,0.0,,5250.0,42.0,125.0
605,0.0,0.0,,8985.0,69.0,130.2173913043478
606,0.0,0.0,,5464.0,39.0,140.10256410256412
607,0.0,0.0,,2668.0,19.0,140.42105263157896
608,0.0,0.0,,2482.0,18.0,137.88888888888889
609,0.0,0.0,,5989.0,41.0,146.0731707317073
610,0.0,0.0,,13780.0,92.0,149.7826086956522
611,14790.0,120.0,123.25,94479.0,644.0,146.70652173913044
612,0.0,0.0,,5453.0,40.0,136.325
613,293508.0,2569.0,114.24990268586998,210907.0,1605.0,131.406230529595
614,0.0,0.0,,2238.0,16.0,139.875
615,0.0,0.0,,5871.0,40.0,146.775
616,0.0,0.0,,2201.0,16.0,137.5625
617,0.0,0.0,,2535.0,18.0,140.83333333333334
618,25614.0,212.0,120.82075471698113,6799.0,48.0,141.64583333333334
619,0.0,0.0,,2270.0,16.0,141.875
620,0.0,0.0,,2081.0,15.0,138.73333333333332
621,0.0,0.0,,8021.0,51.0,157.27450980392157
622,2481.0,21.0,118.14285714285714,104655.0,781.0,134.00128040973112
623,0.0,0.0,,5331.0,36.0,148.08333333333334
624,0.0,0.0,,3859.0,28.0,137.82142857142858
625,2119.0,20.0,105.95,112963.0,915.0,123.45683060109289
626,0.0,0.0,,3401.0,27.0,125.96296296296296
627,0.0,0.0,,8170.0,58.0,140.86206896551724
628,0.0,0.0,,52499.0,391.0,134.26854219948848
629,0.0,0.0,,1400.0,11.0,127.27272727272727
630,0.0,0.0,,34479.0,253.0,136.2806324110672
631,0.0,0.0,,1902.0,14.0,135.85714285714286
632,0.0,0.0,,2212.0,16.0,138.25
633,0.0,0.0,,5901.0,40.0,147.525
634,0.0,0.0,,4159.0,31.0,134.16129032258064
635,2013.0,16.0,125.8125,92254.0,626.0,147.370607028754
636,680.0,6.0,113.33333333333333,5059.0,36.0,140.52777777777777
637,0.0,0.0,,3940.0,28.0,140.71428571428572
638,0.0,0.0,,31666.0,259.0,122.26254826254826
639,0.0,0.0,,4607.0,32.0,143.96875
640,0.0,0.0,,11678.0,85.0,137.38823529411764
641,0.0,0.0,,2395.0,17.0,140.88235294117646
642,0.0,0.0,,4298.0,31.0,138.6451612903226
643,0.0,0.0,,2119.0,15.0,141.26666666666668
644,0.0,0.0,,3327.0,24.0,138.625
645,4563.0,38.0,120.07894736842105,91136.0,637.0,143.0706436420722
646,0.0,0.0,,47986.0,355.0,135.1718309859155
647,0.0,0.0,,870.0,7.0,124.28571428571429
648,579.0,5.0,115.8,3006.0,22.0,136.63636363636363
649,0.0,0.0,,4674.0,32.0,146.0625
650,0.0,0.0,,2769.0,19.0,145.73684210526315
651,0.0,0.0,,51506.0,380.0,135.5421052631579
652,0.0,0.0,,4187.0,31.0,135.06451612903226
653,873.0,7.0,124.71428571428571,95578.0,653.0,146.3675344563553
654,0.0,0.0,,1560.0,11.0,141.8181818181818
655,0.0,0.0,,4429.0,34.0,130.26470588235293
656,0.0,0.0,,128.0,1.0,128.0
657,0.0,0.0,,4619.0,33.0,139.96969696969697
658,41957.0,392.0,107.03316326530613,20730.0,167.0,124.13173652694611
659,0.0,0.0,,638.0,5.0,127.6
660,0.0,0.0,,5221.0,36.0,145.02777777777777
661,0.0,0.0,,14684.0,109.0,134.71559633027522
662,389.0,3.0,129.66666666666666,3329.0,22.0,151.3181818181818
663,0.0,0.0,,8932.0,61.0,146.4262295081967
664,0.0,0.0,,53264.0,390.0,136.57435897435897
665,0.0,0.0,,4455.0,31.0,143.70967741935485
666,6437.0,53.0,121.45283018867924,4183.0,29.0,144.24137931034483
667,0.0,0.0,,1429.0,10.0,142.9
668,0.0,0.0,,2614.0,18.0,145.22222222222223
669,0.0,0.0,,2537.0,19.0,133.52631578947367
670,0.0,0.0,,878.0,7.0,125.42857142857143
671,0.0,0.0,,2349.0,17.0,138.1764705882353
672,90513.0,682.0,132.71700879765396,170294.0,1165.0,146.17510729613733
673,0.0,0.0,,2685.0,19.0,141.31578947368422
674,0.0,0.0,,3473.0,24.0,144.70833333333334
675,0.0,0.0,,24965.0,233.0,107.14592274678111
676,0.0,0.0,,1592.0,12.0,132.66666666666666
677,0.0,0.0,,4524.0,32.0,141.375
678,0.0,0.0,,965.0,7.0,137.85714285714286
679,0.0,0.0,,6201.0,46.0,134.80434782608697
680,0.0,0.0,,9078.0,61.0,148.81967213114754
681,0.0,0.0,,1934.0,14.0,138.14285714285714
682,0.0,0.0,,2175.0,16.0,135.9375
683,0.0,0.0,,3655.0,25.0,146.2
684,4389.0,33.0,133.0,54558.0,376.0,145.10106382978722
685,0.0,0.0,,2724.0,20.0,136.2
686,0.0,0.0,,2540.0,18.0,141.11111111111111
687,724.0,6.0,120.66666666666667,6038.0,43.0,140.41860465116278
688,22404.0,192.0,116.6875,83798.0,596.0,140.6006711409396
689,0.0,0.0,,4602.0,33.0,139.45454545454547
690,0.0,0.0,,1944.0,14.0,138.85714285714286
691,0.0,0.0,,4464.0,37.0,120.64864864864865
692,0.0,0.0,,3862.0,27.0,143.03703703703704
693,0.0,0.0,,4353.0,33.0,131.9090909090909
694,0.0,0.0,,6681.0,48.0,139.1875
695,0.0,0.0,,2948.0,23.0,128.17391304347825
696,0.0,0.0,,3326.0,24.0,138.58333333333334
697,0.0,0.0,,5902.0,43.0,137.25581395348837
698,0.0,0.0,,5939.0,41.0,144.85365853658536
699,0.0,0.0,,1778.0,13.0,136.76923076923077
700,0.0,0.0,,3784.0,26.0,145.53846153846155
701,3698.0,32.0,115.5625,3833.0,29.0,132.17241379310346
702,0.0,0.0,,4287.0,31.0,138.29032258064515
703,0.0,0.0,,3194.0,22.0,145.1818181818182
704,0.0,0.0,,5688.0,38.0,149.68421052631578
705,0.0,0.0,,5045.0,34.0,148.38235294117646
706,0.0,0.0,,6345.0,45.0,141.0
707,0.0,0.0,,2447.0,17.0,143.94117647058823
708,0.0,0.0,,4241.0,31.0,136.80645161290323
709,0.0,0.0,,1697.0,12.0,141.41666666666666
710,0.0,0.0,,3143.0,23.0,136.65217391304347
711,0.0,0.0,,2316.0,17.0,136.23529411764707
712,0.0,0.0,,6409.0,48.0,133.52083333333334
713,0.0,0.0,,7496.0,51.0,146.98039215686273
714,0.0,0.0,,4768.0,35.0,136.22857142857143
715,0.0,0.0,,6504.0,45.0,144.53333333333333
716,0.0,0.0,,10307.0,77.0,133.85714285714286
717,0.0,0.0,,3334.0,24.0,138.91666666666666
718,0.0,0.0,,7424.0,53.0,140.0754716981132
719,1016.0,9.0,112.88888888888889,3155.0,23.0,137.17391304347825
720,711.0,6.0,118.5,1949.0,14.0,139.21428571428572
721,0.0,0.0,,4201.0,31.0,135.51612903225808
722,0.0,0.0,,0.0,0.0,
723,0.0,0.0,,3913.0,27.0,144.92592592592592
724,0.0,0.0,,2144.0,15.0,142.93333333333334
725,0.0,0.0,,43391.0,320.0,135.596875
726,0.0,0.0,,3228.0,23.0,140.34782608695653
727,0.0,0.0,,1960.0,14.0,140.0
728,0.0,0.0,,4106.0,29.0,141.58620689655172
729,0.0,0.0,,4138.0,29.0,142.68965517241378
730,0.0,0.0,,2164.0,16.0,135.25
731,0.0,0.0,,2185.0,15.0,145.66666666666666
732,0.0,0.0,,6882.0,46.0,149.6086956521739
733,0.0,0.0,,2056.0,15.0,137.06666666666666
734,0.0,0.0,,1468.0,11.0,133.45454545454547
735,0.0,0.0,,3169.0,23.0,137.7826086956522
736,0.0,0.0,,2456.0,20.0,122.8
737,0.0,0.0,,2548.0,19.0,134.10526315789474
738,0.0,0.0,,1702.0,12.0,141.83333333333334
739,0.0,0.0,,3603.0,27.0,133.44444444444446
740,1613.0,15.0,107.53333333333333,3658.0,28.0,130.64285714285714
741,0.0,0.0,,27518.0,192.0,143.32291666666666
742,3138.0,25.0,125.52,4257.0,30.0,141.9
743,0.0,0.0,,4064.0,29.0,140.13793103448276
744,0.0,0.0,,8389.0,58.0,144.63793103448276
745,0.0,0.0,,4902.0,35.0,140.05714285714285
746,0.0,0.0,,1675.0,12.0,139.58333333333334
747,0.0,0.0,,3364.0,24.0,140.16666666666666
748,0.0,0.0,,5890.0,42.0,140.23809523809524
749,2735.0,24.0,113.95833333333333,16315.0,128.0,127.4609375
750,0.0,0.0,,4572.0,33.0,138.54545454545453
751,0.0,0.0,,1827.0,14.0,130.5
752,0.0,0.0,,56583.0,425.0,133.13647058823528
753,1213.0,10.0,121.3,6411.0,47.0,136.40425531914894
754,0.0,0.0,,1393.0,10.0,139.3
755,0.0,0.0,,15266.0,97.0,157.38144329896906
756,239.0,2.0,119.5,2238.0,16.0,139.875
757,0.0,0.0,,4801.0,37.0,129.75675675675674
758,0.0,0.0,,5148.0,37.0,139.13513513513513
759,320181.0,2406.0,133.07605985037407,275643.0,1843.0,149.5621269669018
760,0.0,0.0,,530.0,4.0,132.5
761,126.0,1.0,126.0,2810.0,19.0,147.89473684210526
762,0.0,0.0,,3470.0,25.0,138.8
763,0.0,0.0,,1702.0,13.0,130.92307692307693
764,0.0,0.0,,1696.0,13.0,130.46153846153845
765,0.0,0.0,,758.0,6.0,126.33333333333333
766,0.0,0.0,,106661.0,801.0,133.1598002496879
767,0.0,0.0,,3815.0,26.0,146.73076923076923
768,0.0,0.0,,22106.0,156.0,141.7051282051282
769,0.0,0.0,,3890.0,28.0,138.92857142857142
770,222.0,2.0,111.0,2153.0,16.0,134.5625
771,0.0,0.0,,4214.0,30.0,140.46666666666667
772,0.0,0.0,,4241.0,30.0,141.36666666666667
773,0.0,0.0,,6640.0,44.0,150.9090909090909
774,0.0,0.0,,18640.0,116.0,160.68965517241378
775,1770.0,15.0,118.0,3367.0,24.0,140.29166666666666
776,0.0,0.0,,2024.0,15.0,134.93333333333334
777,0.0,0.0,,3110.0,22.0,141.36363636363637
778,0.0,0.0,,5503.0,40.0,137.575
779,0.0,0.0,,2073.0,15.0,138.2
780,0.0,0.0,,1815.0,14.0,129.64285714285714
781,0.0,0.0,,3671.0,27.0,135.96296296296296
782,0.0,0.0,,2155.0,16.0,134.6875
783,0.0,0.0,,2183.0,15.0,145.53333333333333
784,218.0,2.0,109.0,2078.0,16.0,129.875
785,0.0,0.0,,5757.0,40.0,143.925
786,0.0,0.0,,2138.0,16.0,133.625
787,0.0,0.0,,1685.0,12.0,140.41666666666666
788,0.0,0.0,,6802.0,49.0,138.81632653061226
789,2408.0,20.0,120.4,1617.0,12.0,134.75
790,0.0,0.0,,3115.0,22.0,141.5909090909091
791,0.0,0.0,,1893.0,14.0,135.21428571428572
792,0.0,0.0,,1670.0,12.0,139.16666666666666
793,0.0,0.0,,3260.0,24.0,135.83333333333334
794,0.0,0.0,,2332.0,17.0,137.1764705882353
795,0.0,0.0,,4093.0,28.0,146.17857142857142
796,0.0,0.0,,2188.0,15.0,145.86666666666667
797,0.0,0.0,,2104.0,15.0,140.26666666666668
798,0.0,0.0,,2523.0,18.0,140.16666666666666
799,0.0,0.0,,3240.0,23.0,140.8695652173913
800,0.0,0.0,,2787.0,20.0,139.35
801,3030.0,27.0,112.22222222222223,11757.0,82.0,143.3780487804878
802,0.0,0.0,,921.0,7.0,131.57142857142858
803,123.0,1.0,123.0,10587.0,76.0,139.30263157894737
804,0.0,0.0,,5119.0,36.0,142.19444444444446
805,0.0,0.0,,124.0,1.0,124.0
806,0.0,0.0,,3063.0,22.0,139.22727272727272
807,0.0,0.0,,2829.0,20.0,141.45
808,0.0,0.0,,5737.0,42.0,136.5952380952381
809,4353.0,38.0,114.55263157894737,4414.0,33.0,133.75757575757575
810,0.0,0.0,,6937.0,50.0,138.74
811,0.0,0.0,,3665.0,26.0,140.96153846153845
812,133.0,1.0,133.0,19295.0,128.0,150.7421875
813,0.0,0.0,,5226.0,38.0,137.52631578947367
814,0.0,0.0,,6218.0,44.0,141.3181818181818
815,0.0,0.0,,3575.0,27.0,132.40740740740742
816,0.0,0.0,,3303.0,24.0,137.625
817,0.0,0.0,,5496.0,38.0,144.6315789473684
818,0.0,0.0,,9663.0,72.0,134.20833333333334
819,0.0,0.0,,3836.0,28.0,137.0
820,0.0,0.0,,1878.0,13.0,144.46153846153845
821,0.0,0.0,,5741.0,40.0,143.525
822,0.0,0.0,,1099.0,8.0,137.375
823,0.0,0.0,,2150.0,16.0,134.375
824,0.0,0.0,,4064.0,30.0,135.46666666666667
825,0.0,0.0,,2886.0,21.0,137.42857142857142
826,0.0,0.0,,4637.0,32.0,144.90625
827,0.0,0.0,,6123.0,42.0,145.78571428571428
828,0.0,0.0,,2491.0,19.0,131.10526315789474
829,2149.0,18.0,119.38888888888889,2026.0,15.0,135.06666666666666
830,0.0,0.0,,4155.0,31.0,134.03225806451613
831,176801.0,1444.0,122.43836565096953,199676.0,1446.0,138.08852005532503
832,0.0,0.0,,2499.0,18.0,138.83333333333334
833,0.0,0.0,,10749.0,67.0,160.43283582089552
834,0.0,0.0,,7759.0,55.0,141.07272727272726
835,345.0,3.0,115.0,1874.0,14.0,133.85714285714286
836,0.0,0.0,,8493.0,63.0,134.8095238095238
837,0.0,0.0,,3392.0,24.0,141.33333333333334
838,0.0,0.0,,3218.0,23.0,139.91304347826087
839,83579.0,655.0,127.60152671755725,160710.0,1132.0,141.96996466431096
840,64991.0,535.0,121.4785046728972,53112.0,395.0,134.46075949367088
841,0.0,0.0,,2872.0,19.0,151.1578947368421
842,0.0,0.0,,2383.0,17.0,140.1764705882353
843,0.0,0.0,,2854.0,20.0,142.7
844,0.0,0.0,,1528.0,11.0,138.9090909090909
845,2264.0,18.0,125.77777777777777,100179.0,674.0,148.63353115727003
846,0.0,0.0,,2339.0,16.0,146.1875
847,0.0,0.0,,3546.0,25.0,141.84
848,0.0,0.0,,6200.0,43.0,144.1860465116279
849,0.0,0.0,,2019.0,14.0,144.21428571428572
850,0.0,0.0,,5824.0,40.0,145.6
851,0.0,0.0,,22157.0,156.0,142.03205128205127
852,1674.0,14.0,119.57142857142857,136119.0,1012.0,134.50494071146244
853,0.0,0.0,,7045.0,51.0,138.13725490196077
854,0.0,0.0,,2011.0,15.0,134.06666666666666
855,0.0,0.0,,2336.0,16.0,146.0
856,0.0,0.0,,2546.0,19.0,134.0
857,0.0,0.0,,52457.0,399.0,131.47117794486215
858,0.0,0.0,,1396.0,10.0,139.6
859,0.0,0.0,,2200.0,18.0,122.22222222222223
860,0.0,0.0,,2296.0,17.0,135.05882352941177
861,0.0,0.0,,268.0,2.0,134.0
862,0.0,0.0,,0.0,0.0,
863,0.0,0.0,,7386.0,49.0,150.73469387755102
864,0.0,0.0,,3542.0,26.0,136.23076923076923
865,0.0,0.0,,1756.0,13.0,135.07692307692307
866,0.0,0.0,,1992.0,14.0,142.28571428571428
867,0.0,0.0,,2573.0,20.0,128.65
868,118.0,1.0,118.0,10038.0,75.0,133.84
869,0.0,0.0,,2029.0,16.0,126.8125
870,0.0,0.0,,3399.0,25.0,135.96
871,0.0,0.0,,2132.0,15.0,142.13333333333333
872,0.0,0.0,,3650.0,26.0,140.3846153846154
873,0.0,0.0,,425.0,3.0,141.66666666666666
874,0.0,0.0,,4324.0,33.0,131.03030303030303
875,0.0,0.0,,3189.0,22.0,144.95454545454547
876,857.0,7.0,122.42857142857143,2776.0,20.0,138.8
877,0.0,0.0,,4252.0,32.0,132.875
878,0.0,0.0,,2082.0,16.0,130.125
879,0.0,0.0,,2592.0,19.0,136.42105263157896
880,0.0,0.0,,1393.0,10.0,139.3
881,0.0,0.0,,50076.0,373.0,134.2520107238606
882,0.0,0.0,,2465.0,17.0,145.0
883,0.0,0.0,,2268.0,18.0,126.0
884,0.0,0.0,,24598.0,144.0,170.81944444444446
885,0.0,0.0,,55189.0,439.0,125.71526195899773
886,0.0,0.0,,3243.0,23.0,141.0
887,0.0,0.0,,3027.0,21.0,144.14285714285714
888,0.0,0.0,,5201.0,35.0,148.6
889,0.0,0.0,,5535.0,45.0,123.0
890,0.0,0.0,,1911.0,15.0,127.4
891,1243.0,10.0,124.3,62795.0,452.0,138.9269911504425
892,1700.0,14.0,121.42857142857143,3611.0,25.0,144.44
893,373.0,3.0,124.33333333333333,4008.0,28.0,143.14285714285714
894,0.0,0.0,,53323.0,383.0,139.22454308093995
895,0.0,0.0,,2592.0,19.0,136.42105263157896
896,3906.0,34.0,114.88235294117646,3977.0,29.0,137.13793103448276
897,0.0,0.0,,2961.0,23.0,128.7391304347826
898,87335.0,725.0,120.46206896551725,145419.0,1066.0,136.41557223264542
899,242.0,2.0,121.0,2738.0,19.0,144.10526315789474
900,0.0,0.0,,2402.0,17.0,141.2941176470588
901,8144.0,61.0,133.50819672131146,3122.0,21.0,148.66666666666666
902,0.0,0.0,,1691.0,12.0,140.91666666666666
903,0.0,0.0,,2072.0,18.0,115.11111111111111
904,0.0,0.0,,3081.0,23.0,133.95652173913044
905,1412.0,11.0,128.36363636363637,4304.0,29.0,148.41379310344828
906,336.0,3.0,112.0,2285.0,17.0,134.41176470588235
907,0.0,0.0,,23733.0,143.0,165.96503496503496
908,0.0,0.0,,2191.0,16.0,136.9375
909,0.0,0.0,,3140.0,22.0,142.72727272727272
910,0.0,0.0,,9345.0,67.0,139.47761194029852
911,0.0,0.0,,2752.0,20.0,137.6
912,1218.0,10.0,121.8,2613.0,18.0,145.16666666666666
913,0.0,0.0,,4578.0,32.0,143.0625
914,0.0,0.0,,3043.0,21.0,144.9047619047619
915,0.0,0.0,,2088.0,15.0,139.2
916,0.0,0.0,,42969.0,326.0,131.80674846625766
917,0.0,0.0,,770.0,6.0,128.33333333333334
918,0.0,0.0,,2215.0,16.0,138.4375
919,0.0,0.0,,3253.0,24.0,135.54166666666666
920,0.0,0.0,,2399.0,17.0,141.11764705882354
921,0.0,0.0,,15345.0,111.0,138.24324324324326
922,0.0,0.0,,1866.0,13.0,143.53846153846155
923,0.0,0.0,,2009.0,15.0,133.93333333333334
924,0.0,0.0,,2143.0,15.0,142.86666666666667
925,0.0,0.0,,1281.0,9.0,142.33333333333334
926,0.0,0.0,,4876.0,35.0,139.31428571428572
927,11625.0,101.0,115.0990099009901,86111.0,618.0,139.33818770226537
928,0.0,0.0,,1351.0,10.0,135.1
929,0.0,0.0,,9564.0,68.0,140.64705882352942
930,0.0,0.0,,1140.0,8.0,142.5
931,0.0,0.0,,6384.0,44.0,145.0909090909091
932,0.0,0.0,,6077.0,44.0,138.11363636363637
933,0.0,0.0,,899.0,7.0,128.42857142857142
934,0.0,0.0,,268.0,2.0,134.0
935,0.0,0.0,,2050.0,15.0,136.66666666666666
936,361.0,3.0,120.33333333333333,2345.0,17.0,137.94117647058823
937,336.0,3.0,112.0,2122.0,16.0,132.625
938,2295.0,19.0,120.78947368421052,10184.0,75.0,135.78666666666666
939,0.0,0.0,,3370.0,24.0,140.41666666666666
940,0.0,0.0,,1696.0,14.0,121.14285714285714
941,0.0,0.0,,5022.0,36.0,139.5
942,0.0,0.0,,518.0,4.0,129.5
943,0.0,0.0,,3404.0,24.0,141.83333333333334
944,0.0,0.0,,3033.0,21.0,144.42857142857142
945,0.0,0.0,,542.0,4.0,135.5
946,0.0,0.0,,7817.0,58.0,134.77586206896552
947,0.0,0.0,,2771.0,20.0,138.55
948,0.0,0.0,,2942.0,21.0,140.0952380952381
949,0.0,0.0,,3754.0,25.0,150.16
950,0.0,0.0,,3784.0,28.0,135.14285714285714
951,0.0,0.0,,1920.0,14.0,137.14285714285714
952,0.0,0.0,,2266.0,17.0,133.2941176470588
953,0.0,0.0,,6534.0,47.0,139.0212765957447
954,0.0,0.0,,4129.0,30.0,137.63333333333333
955,0.0,0.0,,2382.0,17.0,140.11764705882354
956,0.0,0.0,,11127.0,70.0,158.95714285714286
957,241.0,2.0,120.5,268.0,2.0,134.0
958,35406.0,301.0,117.62790697674419,30497.0,231.0,132.021645021645
959,0.0,0.0,,3347.0,25.0,133.88
960,0.0,0.0,,5697.0,42.0,135.64285714285714
961,0.0,0.0,,4678.0,35.0,133.65714285714284
962,0.0,0.0,,13444.0,103.0,130.5242718446602
963,0.0,0.0,,42534.0,311.0,136.76527331189712
964,0.0,0.0,,1637.0,12.0,136.41666666666666
965,0.0,0.0,,1717.0,12.0,143.08333333333334
966,0.0,0.0,,3157.0,22.0,143.5
967,0.0,0.0,,5822.0,40.0,145.55
968,5955.0,54.0,110.27777777777777,3484.0,27.0,129.03703703703704
969,1177.0,10.0,117.7,94488.0,716.0,131.96648044692736
970,40637.0,317.0,128.19242902208202,109687.0,772.0,142.08160621761658
971,0.0,0.0,,2528.0,21.0,120.38095238095238
972,1359.0,12.0,113.25,4769.0,34.0,140.26470588235293
973,0.0,0.0,,3635.0,28.0,129.82142857142858
974,10924.0,91.0,120.04395604395604,7061.0,52.0,135.78846153846155
975,0.0,0.0,,2163.0,15.0,144.2
976,0.0,0.0,,2238.0,16.0,139.875
977,0.0,0.0,,2111.0,16.0,131.9375
978,0.0,0.0,,53326.0,390.0,136.73333333333332
979,0.0,0.0,,1830.0,13.0,140.76923076923077
980,362.0,3.0,120.66666666666667,1357.0,10.0,135.7
981,443.0,4.0,110.75,1134.0,9.0,126.0
982,0.0,0.0,,7671.0,52.0,147.51923076923077
983,0.0,0.0,,3445.0,24.0,143.54166666666666
984,0.0,0.0,,2680.0,19.0,141.05263157894737
985,0.0,0.0,,2984.0,22.0,135.63636363636363
986,244.0,2.0,122.0,11086.0,77.0,143.97402597402598
987,7210.0,58.0,124.3103448275862,2595.0,18.0,144.16666666666666
988,0.0,0.0,,2447.0,17.0,143.94117647058823
989,0.0,0.0,,3341.0,25.0,133.64
990,0.0,0.0,,4390.0,30.0,146.33333333333334
991,0.0,0.0,,2197.0,18.0,122.05555555555556
992,0.0,0.0,,1214.0,9.0,134.88888888888889
993,0.0,0.0,,1884.0,14.0,134.57142857142858
994,0.0,0.0,,8057.0,58.0,138.91379310344828
995,0.0,0.0,,5751.0,39.0,147.46153846153845
996,0.0,0.0,,2690.0,20.0,134.5
997,0.0,0.0,,938.0,7.0,134.0
998,0.0,0.0,,3371.0,24.0,140.45833333333334
999,0.0,0.0,,4066.0,28.0,145.21428571428572
1000,0.0,0.0,,4303.0,30.0,143.43333333333334
1001,1045.0,9.0,116.11111111111111,4260.0,32.0,133.125
1002,935.0,8.0,116.875,2271.0,17.0,133.58823529411765
1003,0.0,0.0,,5689.0,43.0,132.30232558139534
1004,0.0,0.0,,6753.0,61.0,110.70491803278688
1005,0.0,0.0,,6760.0,50.0,135.2
1006,0.0,0.0,,5585.0,40.0,139.625
1007,0.0,0.0,,1527.0,11.0,138.8181818181818
1008,471.0,4.0,117.75,2030.0,15.0,135.33333333333334
1009,0.0,0.0,,2570.0,18.0,142.77777777777777
1010,4537.0,37.0,122.62162162162163,2846.0,20.0,142.3
1011,0.0,0.0,,2542.0,18.0,141.22222222222223
1012,0.0,0.0,,21431.0,124.0,172.83064516129033
1013,354.0,3.0,118.0,2098.0,15.0,139.86666666666667
1014,0.0,0.0,,1620.0,12.0,135.0
1015,387.0,3.0,129.0,7197.0,47.0,153.12765957446808
1016,0.0,0.0,,405.0,3.0,135.0
1017,0.0,0.0,,5204.0,35.0,148.68571428571428
1018,2950.0,26.0,113.46153846153847,3390.0,25.0,135.6
1019,0.0,0.0,,2856.0,20.0,142.8
1020,0.0,0.0,,4888.0,35.0,139.65714285714284
1021,635.0,5.0,127.0,43395.0,311.0,139.53376205787782
1022,0.0,0.0,,1925.0,14.0,137.5
1023,0.0,0.0,,2687.0,20.0,134.35
1024,0.0,0.0,,1227.0,10.0,122.7
1025,0.0,0.0,,1757.0,13.0,135.15384615384616
1026,0.0,0.0,,4844.0,33.0,146.78787878787878
1027,479.0,4.0,119.75,2883.0,21.0,137.28571428571428
1028,0.0,0.0,,15756.0,110.0,143.23636363636365
1029,0.0,0.0,,3118.0,21.0,148.47619047619048
1030,0.0,0.0,,6143.0,42.0,146.26190476190476
1031,0.0,0.0,,2822.0,21.0,134.38095238095238
1032,0.0,0.0,,9187.0,65.0,141.33846153846153
1033,0.0,0.0,,1524.0,12.0,127.0
1034,246.0,2.0,123.0,95129.0,651.0,146.12749615975423
1035,0.0,0.0,,2550.0,18.0,141.66666666666666
1036,5511.0,46.0,119.80434782608695,133817.0,994.0,134.62474849094568
1037,117.0,1.0,117.0,1742.0,13.0,134.0
1038,0.0,0.0,,2223.0,16.0,138.9375
1039,0.0,0.0,,8478.0,62.0,136.74193548387098
1040,0.0,0.0,,1548.0,12.0,129.0
1041,0.0,0.0,,4047.0,28.0,144.53571428571428
1042,0.0,0.0,,53809.0,396.0,135.88131313131314
1043,2869.0,26.0,110.34615384615384,5207.0,41.0,127.0
1044,0.0,0.0,,2469.0,17.0,145.23529411764707
1045,0.0,0.0,,18085.0,133.0,135.97744360902254
1046,0.0,0.0,,8003.0,56.0,142.91071428571428
1047,0.0,0.0,,1198.0,10.0,119.8
1048,0.0,0.0,,1670.0,12.0,139.16666666666666
1049,0.0,0.0,,1853.0,13.0,142.53846153846155
1050,0.0,0.0,,6143.0,42.0,146.26190476190476
1051,0.0,0.0,,3587.0,25.0,143.48
1052,0.0,0.0,,2217.0,16.0,138.5625
1053,1980.0,18.0,110.0,4590.0,36.0,127.5
1054,1934.0,16.0,120.875,12610.0,93.0,135.59139784946237
1055,0.0,0.0,,2255.0,16.0,140.9375
1056,0.0,0.0,,2058.0,16.0,128.625
1057,0.0,0.0,,6027.0,41.0,147.0
1058,0.0,0.0,,1128.0,8.0,141.0
1059,0.0,0.0,,4923.0,35.0,140.65714285714284
1060,0.0,0.0,,2356.0,18.0,130.88888888888889
1061,0.0,0.0,,2864.0,20.0,143.2
1062,0.0,0.0,,5323.0,37.0,143.86486486486487
1063,444.0,4.0,111.0,3632.0,28.0,129.71428571428572
1064,0.0,0.0,,1753.0,13.0,134.84615384615384
1065,0.0,0.0,,2111.0,16.0,131.9375
1066,0.0,0.0,,1654.0,12.0,137.83333333333334
1067,0.0,0.0,,55687.0,410.0,135.8219512195122
1068,0.0,0.0,,5209.0,37.0,140.78378378378378
1069,0.0,0.0,,7426.0,51.0,145.6078431372549
1070,0.0,0.0,,3991.0,28.0,142.53571428571428
1071,0.0,0.0,,5280.0,40.0,132.0
1072,0.0,0.0,,134.0,1.0,134.0
1073,290.0,3.0,96.66666666666667,3041.0,25.0,121.64
1074,1218.0,10.0,121.8,4175.0,29.0,143.9655172413793
1075,0.0,0.0,,4758.0,33.0,144.1818181818182
1076,0.0,0.0,,2315.0,17.0,136.1764705882353
1077,0.0,0.0,,1334.0,10.0,133.4
1078,0.0,0.0,,1621.0,12.0,135.08333333333334
1079,0.0,0.0,,6604.0,46.0,143.56521739130434
1080,0.0,0.0,,3568.0,26.0,137.23076923076923
1081,0.0,0.0,,5189.0,37.0,140.24324324324326
1082,0.0,0.0,,2932.0,21.0,139.61904761904762
1083,0.0,0.0,,1923.0,14.0,137.35714285714286
1084,0.0,0.0,,6479.0,46.0,140.84782608695653
1085,640.0,5.0,128.0,2970.0,20.0,148.5
1086,0.0,0.0,,6234.0,43.0,144.97674418604652
1087,570.0,5.0,114.0,1175.0,9.0,130.55555555555554
1088,8632.0,71.0,121.5774647887324,94988.0,654.0,145.2415902140673
1089,0.0,0.0,,2269.0,17.0,133.47058823529412
1090,39557.0,339.0,116.6873156342183,199877.0,1505.0,132.80863787375415
1091,0.0,0.0,,14003.0,94.0,148.96808510638297
1092,4710.0,39.0,120.76923076923077,3911.0,28.0,139.67857142857142
1093,0.0,0.0,,4378.0,31.0,141.2258064516129
1094,0.0,0.0,,2987.0,21.0,142.23809523809524
1095,0.0,0.0,,5142.0,38.0,135.31578947368422
1096,0.0,0.0,,2517.0,19.0,132.47368421052633
1097,0.0,0.0,,2316.0,17.0,136.23529411764707
1098,0.0,0.0,,2124.0,15.0,141.6
1099,814.0,7.0,116.28571428571429,2257.0,16.0,141.0625
1100,0.0,0.0,,17517.0,115.0,152.3217391304348
1101,0.0,0.0,,2801.0,20.0,140.05
1102,0.0,0.0,,14731.0,101.0,145.85148514851485
1103,0.0,0.0,,3352.0,25.0,134.08
1104,0.0,0.0,,5176.0,36.0,143.77777777777777
1105,0.0,0.0,,20168.0,156.0,129.28205128205127
1106,0.0,0.0,,2058.0,14.0,147.0
1107,0.0,0.0,,1547.0,11.0,140.63636363636363
1108,0.0,0.0,,10265.0,66.0,155.53030303030303
1109,0.0,0.0,,1998.0,14.0,142.71428571428572
1110,652.0,6.0,108.66666666666667,758.0,6.0,126.33333333333333
1111,0.0,0.0,,4058.0,29.0,139.93103448275863
1112,0.0,0.0,,2130.0,15.0,142.0
1113,0.0,0.0,,2875.0,20.0,143.75
1114,0.0,0.0,,2307.0,17.0,135.7058823529412
1115,0.0,0.0,,1641.0,12.0,136.75
1116,0.0,0.0,,4556.0,33.0,138.06060606060606
1117,0.0,0.0,,23563.0,142.0,165.93661971830986
1118,0.0,0.0,,2990.0,21.0,142.38095238095238
1119,0.0,0.0,,13014.0,91.0,143.01098901098902
1120,0.0,0.0,,10204.0,66.0,154.6060606060606
1121,0.0,0.0,,2472.0,18.0,137.33333333333334
1122,0.0,0.0,,1030.0,8.0,128.75
1123,0.0,0.0,,3130.0,23.0,136.08695652173913
1124,0.0,0.0,,1503.0,11.0,136.63636363636363
1125,0.0,0.0,,3555.0,25.0,142.2
1126,0.0,0.0,,40487.0,294.0,137.7108843537415
1127,20519.0,170.0,120.7,25929.0,194.0,133.65463917525773
1128,524470.0,4510.0,116.29046563192905,319575.0,2266.0,141.03045013239188
1129,0.0,0.0,,2387.0,17.0,140.41176470588235
1130,0.0,0.0,,16395.0,127.0,129.09448818897638
1131,996.0,9.0,110.66666666666667,5745.0,42.0,136.78571428571428
1132,0.0,0.0,,38822.0,284.0,136.69718309859155
1133,0.0,0.0,,3782.0,28.0,135.07142857142858
1134,0.0,0.0,,3930.0,28.0,140.35714285714286
1135,0.0,0.0,,4525.0,34.0,133.08823529411765
1136,0.0,0.0,,2312.0,16.0,144.5
1137,0.0,0.0,,2254.0,15.0,150.26666666666668
1138,0.0,0.0,,51822.0,356.0,145.56741573033707
1139,58673.0,470.0,124.83617021276596,213113.0,1504.0,141.6974734042553
1140,0.0,0.0,,3246.0,23.0,141.1304347826087
1141,2137.0,16.0,133.5625,6686.0,43.0,155.48837209302326
1142,9380.0,77.0,121.81818181818181,3170.0,22.0,144.0909090909091
1143,0.0,0.0,,6050.0,45.0,134.44444444444446
1144,0.0,0.0,,42522.0,305.0,139.41639344262296
1145,0.0,0.0,,4290.0,29.0,147.93103448275863
1146,0.0,0.0,,7323.0,53.0,138.16981132075472
1147,0.0,0.0,,3336.0,24.0,139.0
1148,0.0,0.0,,1671.0,12.0,139.25
1149,0.0,0.0,,3001.0,21.0,142.9047619047619
1150,0.0,0.0,,1380.0,10.0,138.0
1151,0.0,0.0,,1326.0,10.0,132.6
1152,0.0,0.0,,3227.0,24.0,134.45833333333334
1153,365.0,3.0,121.66666666666667,12617.0,92.0,137.1413043478261
1154,0.0,0.0,,5911.0,40.0,147.775
1155,0.0,0.0,,4315.0,30.0,143.83333333333334
1156,0.0,0.0,,2359.0,17.0,138.76470588235293
1157,0.0,0.0,,1776.0,13.0,136.6153846153846
1158,0.0,0.0,,2198.0,15.0,146.53333333333333
1159,0.0,0.0,,2178.0,16.0,136.125
1160,0.0,0.0,,2407.0,18.0,133.72222222222223
1161,26649.0,217.0,122.80645161290323,116511.0,742.0,157.02291105121293
1162,0.0,0.0,,3396.0,24.0,141.5
1163,359.0,3.0,119.66666666666667,3395.0,25.0,135.8
1164,0.0,0.0,,1647.0,12.0,137.25
1165,1107.0,9.0,123.0,2127.0,15.0,141.8
1166,0.0,0.0,,9177.0,67.0,136.97014925373134
1167,0.0,0.0,,3160.0,22.0,143.63636363636363
1168,0.0,0.0,,1592.0,12.0,132.66666666666666
1169,10172.0,79.0,128.7594936708861,96593.0,637.0,151.63736263736263
1170,0.0,0.0,,0.0,0.0,
1171,0.0,0.0,,2917.0,21.0,138.9047619047619
1172,0.0,0.0,,5359.0,37.0,144.83783783783784
1173,0.0,0.0,,3539.0,25.0,141.56
1174,21026.0,174.0,120.83908045977012,152938.0,1127.0,135.7036379769299
1175,0.0,0.0,,2582.0,18.0,143.44444444444446
1176,0.0,0.0,,6009.0,41.0,146.5609756097561
1177,0.0,0.0,,16319.0,120.0,135.99166666666667
1178,0.0,0.0,,0.0,0.0,
1179,0.0,0.0,,49676.0,393.0,126.40203562340967
1180,0.0,0.0,,1380.0,10.0,138.0
1181,0.0,0.0,,1974.0,14.0,141.0
1182,0.0,0.0,,1490.0,11.0,135.45454545454547
1183,0.0,0.0,,2557.0,18.0,142.05555555555554
1184,0.0,0.0,,1206.0,9.0,134.0
1185,0.0,0.0,,10495.0,68.0,154.33823529411765
1186,0.0,0.0,,14840.0,102.0,145.49019607843138
1187,0.0,0.0,,2939.0,20.0,146.95
1188,0.0,0.0,,2179.0,16.0,136.1875
1189,360.0,3.0,120.0,2073.0,15.0,138.2
1190,0.0,0.0,,4308.0,31.0,138.96774193548387
1191,0.0,0.0,,1993.0,15.0,132.86666666666667
1192,3153.0,27.0,116.77777777777777,90782.0,642.0,141.404984423676
1193,0.0,0.0,,7904.0,55.0,143.70909090909092
1194,0.0,0.0,,6802.0,48.0,141.70833333333334
1195,0.0,0.0,,1928.0,14.0,137.71428571428572
1196,0.0,0.0,,5408.0,39.0,138.66666666666666
1197,0.0,0.0,,4215.0,29.0,145.3448275862069
1198,0.0,0.0,,7142.0,54.0,132.25925925925927
1199,0.0,0.0,,1821.0,13.0,140.07692307692307
1200,832.0,7.0,118.85714285714286,4283.0,31.0,138.16129032258064
1201,0.0,0.0,,3957.0,29.0,136.44827586206895
1202,0.0,0.0,,7900.0,50.0,158.0
1203,0.0,0.0,,10427.0,66.0,157.9848484848485
1204,0.0,0.0,,1896.0,14.0,135.42857142857142
1205,0.0,0.0,,2122.0,16.0,132.625
1206,0.0,0.0,,1804.0,13.0,138.76923076923077
1207,0.0,0.0,,1755.0,13.0,135.0
1208,0.0,0.0,,18562.0,138.0,134.5072463768116
1209,1501.0,12.0,125.08333333333333,4644.0,32.0,145.125
1210,0.0,0.0,,21363.0,125.0,170.904
1211,0.0,0.0,,2184.0,16.0,136.5
1212,0.0,0.0,,1037.0,8.0,129.625
1213,0.0,0.0,,3362.0,26.0,129.30769230769232
1214,0.0,0.0,,1937.0,14.0,138.35714285714286
1215,0.0,0.0,,4776.0,36.0,132.66666666666666
1216,0.0,0.0,,5694.0,42.0,135.57142857142858
1217,0.0,0.0,,5749.0,41.0,140.21951219512195
1218,0.0,0.0,,2012.0,15.0,134.13333333333333
1219,0.0,0.0,,4822.0,36.0,133.94444444444446
1220,0.0,0.0,,1758.0,13.0,135.23076923076923
1221,0.0,0.0,,2861.0,20.0,143.05
1222,0.0,0.0,,9905.0,61.0,162.37704918032787
1223,0.0,0.0,,3003.0,22.0,136.5
1224,0.0,0.0,,3634.0,25.0,145.36
1225,0.0,0.0,,1717.0,13.0,132.07692307692307
1226,0.0,0.0,,2095.0,15.0,139.66666666666666
1227,0.0,0.0,,2445.0,18.0,135.83333333333334
1228,0.0,0.0,,0.0,0.0,
1229,0.0,0.0,,996.0,8.0,124.5
1230,0.0,0.0,,3365.0,24.0,140.20833333333334
1231,0.0,0.0,,2970.0,21.0,141.42857142857142
1232,0.0,0.0,,6399.0,47.0,136.14893617021278
1233,0.0,0.0,,31738.0,208.0,152.58653846153845
1234,0.0,0.0,,3014.0,22.0,137.0
1235,0.0,0.0,,1246.0,9.0,138.44444444444446
1236,0.0,0.0,,1245.0,9.0,138.33333333333334
1237,0.0,0.0,,3066.0,21.0,146.0
1238,0.0,0.0,,6548.0,45.0,145.51111111111112
1239,0.0,0.0,,8354.0,61.0,136.95081967213116
1240,0.0,0.0,,1823.0,13.0,140.23076923076923
1241,0.0,0.0,,8060.0,60.0,134.33333333333334
1242,0.0,0.0,,3601.0,26.0,138.5
1243,0.0,0.0,,2186.0,16.0,136.625
1244,0.0,0.0,,2501.0,18.0,138.94444444444446
1245,0.0,0.0,,2850.0,20.0,142.5
1246,0.0,0.0,,5391.0,39.0,138.23076923076923
1247,0.0,0.0,,2525.0,18.0,140.27777777777777
1248,0.0,0.0,,2912.0,21.0,138.66666666666666
1249,0.0,0.0,,5142.0,37.0,138.97297297297297
1250,0.0,0.0,,46745.0,360.0,129.84722222222223
1251,684.0,6.0,114.0,3659.0,27.0,135.5185185185185
1252,458.0,4.0,114.5,4984.0,36.0,138.44444444444446
1253,0.0,0.0,,2143.0,16.0,133.9375
1254,0.0,0.0,,2204.0,16.0,137.75
1255,0.0,0.0,,6221.0,43.0,144.67441860465115
1256,0.0,0.0,,6357.0,44.0,144.47727272727272
1257,0.0,0.0,,13974.0,104.0,134.3653846153846
1258,0.0,0.0,,23028.0,174.0,132.3448275862069
1259,0.0,0.0,,17369.0,129.0,134.64341085271317
1260,0.0,0.0,,1508.0,12.0,125.66666666666667
1261,0.0,0.0,,1363.0,11.0,123.9090909090909
1262,0.0,0.0,,4787.0,34.0,140.7941176470588
1263,460.0,4.0,115.0,2323.0,17.0,136.64705882352942
1264,690.0,6.0,115.0,1444.0,11.0,131.27272727272728
1265,0.0,0.0,,2814.0,22.0,127.9090909090909
1266,0.0,0.0,,3536.0,25.0,141.44
1267,0.0,0.0,,54855.0,402.0,136.455223880597
1268,913.0,7.0,130.42857142857142,45768.0,321.0,142.57943925233644
1269,0.0,0.0,,3472.0,26.0,133.53846153846155
1270,0.0,0.0,,2296.0,17.0,135.05882352941177
1271,0.0,0.0,,5987.0,41.0,146.02439024390245
1272,0.0,0.0,,5378.0,41.0,131.17073170731706
1273,0.0,0.0,,24456.0,184.0,132.91304347826087
1274,0.0,0.0,,3969.0,29.0,136.86206896551724
1275,0.0,0.0,,3501.0,26.0,134.65384615384616
1276,0.0,0.0,,6606.0,44.0,150.13636363636363
1277,0.0,0.0,,17028.0,113.0,150.69026548672565
1278,0.0,0.0,,25406.0,192.0,132.32291666666666
1279,0.0,0.0,,2653.0,19.0,139.6315789473684
1280,0.0,0.0,,5286.0,39.0,135.53846153846155
1281,0.0,0.0,,2674.0,18.0,148.55555555555554
1282,0.0,0.0,,7186.0,50.0,143.72
1283,0.0,0.0,,3497.0,25.0,139.88
1284,0.0,0.0,,1248.0,9.0,138.66666666666666
1285,0.0,0.0,,3097.0,22.0,140.77272727272728
1286,0.0,0.0,,2441.0,18.0,135.61111111111111
1287,0.0,0.0,,1868.0,14.0,133.42857142857142
1288,0.0,0.0,,2820.0,20.0,141.0
1289,4652.0,36.0,129.22222222222223,8175.0,57.0,143.42105263157896
1290,0.0,0.0,,1739.0,13.0,133.76923076923077
1291,0.0,0.0,,20616.0,125.0,164.928
1292,0.0,0.0,,4531.0,33.0,137.3030303030303
1293,12493.0,105.0,118.98095238095237,207730.0,1528.0,135.94895287958116
1294,0.0,0.0,,54735.0,404.0,135.48267326732673
1295,0.0,0.0,,556.0,4.0,139.0
1296,0.0,0.0,,1488.0,11.0,135.27272727272728
1297,520.0,4.0,130.0,16197.0,93.0,174.16129032258064
1298,0.0,0.0,,7711.0,53.0,145.49056603773585
1299,0.0,0.0,,6207.0,45.0,137.93333333333334
1300,0.0,0.0,,3268.0,24.0,136.16666666666666
1301,0.0,0.0,,2258.0,17.0,132.8235294117647
1302,0.0,0.0,,2687.0,19.0,141.42105263157896
1303,0.0,0.0,,2469.0,17.0,145.23529411764707
1304,0.0,0.0,,2048.0,16.0,128.0
1305,0.0,0.0,,17189.0,136.0,126.38970588235294
1306,0.0,0.0,,1507.0,11.0,137.0
1307,334962.0,2783.0,120.3600431189364,265462.0,1901.0,139.64334560757496
1308,0.0,0.0,,3464.0,24.0,144.33333333333334
1309,607884.0,5176.0,117.44281298299846,419495.0,2729.0,153.717478930011
1310,0.0,0.0,,4381.0,33.0,132.75757575757575
1311,0.0,0.0,,2297.0,16.0,143.5625
1312,0.0,0.0,,1871.0,14.0,133.64285714285714
1313,0.0,0.0,,5317.0,39.0,136.33333333333334
1314,0.0,0.0,,3391.0,24.0,141.29166666666666
1315,0.0,0.0,,2706.0,19.0,142.42105263157896
1316,0.0,0.0,,2024.0,15.0,134.93333333333334
1317,0.0,0.0,,6190.0,43.0,143.95348837209303
1318,0.0,0.0,,6213.0,43.0,144.48837209302326
1319,0.0,0.0,,49847.0,361.0,138.0803324099723
1320,0.0,0.0,,3334.0,25.0,133.36
1321,0.0,0.0,,2827.0,21.0,134.61904761904762
1322,0.0,0.0,,2565.0,18.0,142.5
1323,0.0,0.0,,3765.0,29.0,129.82758620689654
1324,1725.0,15.0,115.0,1593.0,12.0,132.75
1325,0.0,0.0,,2572.0,18.0,142.88888888888889
1326,0.0,0.0,,2408.0,17.0,141.64705882352942
1327,0.0,0.0,,2468.0,18.0,137.11111111111111
1328,0.0,0.0,,10437.0,78.0,133.80769230769232
1329,0.0,0.0,,28121.0,209.0,134.55023923444975
1330,0.0,0.0,,6424.0,48.0,133.83333333333334
1331,0.0,0.0,,2857.0,21.0,136.04761904761904
1332,0.0,0.0,,1043.0,8.0,130.375
1333,0.0,0.0,,5145.0,35.0,147.0
1334,0.0,0.0,,3753.0,27.0,139.0
1335,0.0,0.0,,2660.0,19.0,140.0
1336,0.0,0.0,,8116.0,56.0,144.92857142857142
1337,4464.0,38.0,117.47368421052632,2198.0,16.0,137.375
1338,0.0,0.0,,1415.0,10.0,141.5
1339,0.0,0.0,,1835.0,13.0,141.15384615384616
1340,0.0,0.0,,5769.0,39.0,147.92307692307693
1341,0.0,0.0,,4651.0,33.0,140.93939393939394
1342,0.0,0.0,,2968.0,21.0,141.33333333333334
1343,0.0,0.0,,2987.0,22.0,135.77272727272728
1344,1387.0,11.0,126.0909090909091,3465.0,24.0,144.375
1345,0.0,0.0,,4584.0,31.0,147.8709677419355
1346,0.0,0.0,,2331.0,17.0,137.11764705882354
1347,0.0,0.0,,3164.0,23.0,137.56521739130434
1348,0.0,0.0,,6857.0,50.0,137.14
1349,0.0,0.0,,1598.0,12.0,133.16666666666666
1350,0.0,0.0,,24349.0,164.0,148.46951219512195
1351,0.0,0.0,,3415.0,24.0,142.29166666666666
1352,0.0,0.0,,2402.0,17.0,141.2941176470588
1353,1318.0,11.0,119.81818181818181,2339.0,17.0,137.58823529411765
1354,0.0,0.0,,2645.0,20.0,132.25
1355,0.0,0.0,,4229.0,34.0,124.38235294117646
1356,0.0,0.0,,2230.0,17.0,131.1764705882353
1357,0.0,0.0,,3106.0,22.0,141.1818181818182
1358,0.0,0.0,,9716.0,66.0,147.21212121212122
1359,0.0,0.0,,1904.0,14.0,136.0
1360,0.0,0.0,,1747.0,13.0,134.3846153846154
1361,0.0,0.0,,2414.0,18.0,134.11111111111111
1362,0.0,0.0,,3845.0,28.0,137.32142857142858
1363,0.0,0.0,,4927.0,34.0,144.91176470588235
1364,0.0,0.0,,1847.0,13.0,142.07692307692307
1365,924.0,8.0,115.5,18416.0,123.0,149.72357723577235
1366,0.0,0.0,,4292.0,29.0,148.0
1367,0.0,0.0,,1679.0,12.0,139.91666666666666
1368,0.0,0.0,,646.0,5.0,129.2
1369,0.0,0.0,,1706.0,13.0,131.23076923076923
1370,0.0,0.0,,1896.0,14.0,135.42857142857142
1371,0.0,0.0,,4982.0,38.0,131.10526315789474
1372,0.0,0.0,,7743.0,52.0,148.90384615384616
1373,0.0,0.0,,4136.0,30.0,137.86666666666667
1374,0.0,0.0,,3048.0,21.0,145.14285714285714
1375,0.0,0.0,,1774.0,13.0,136.46153846153845
1376,0.0,0.0,,23793.0,144.0,165.22916666666666
1377,0.0,0.0,,3053.0,21.0,145.38095238095238
1378,0.0,0.0,,3761.0,27.0,139.2962962962963
1379,0.0,0.0,,4721.0,32.0,147.53125
1380,0.0,0.0,,2338.0,17.0,137.52941176470588
1381,0.0,0.0,,11118.0,79.0,140.73417721518987
1382,0.0,0.0,,8332.0,59.0,141.22033898305085
1383,0.0,0.0,,3609.0,25.0,144.36
1384,0.0,0.0,,3046.0,23.0,132.43478260869566
1385,0.0,0.0,,1924.0,16.0,120.25
1386,0.0,0.0,,3741.0,26.0,143.8846153846154
1387,0.0,0.0,,1907.0,13.0,146.69230769230768
1388,0.0,0.0,,9271.0,63.0,147.15873015873015
1389,0.0,0.0,,11802.0,75.0,157.36
1390,0.0,0.0,,4263.0,31.0,137.51612903225808
1391,0.0,0.0,,7257.0,48.0,151.1875
1392,0.0,0.0,,2963.0,22.0,134.6818181818182
1393,0.0,0.0,,6508.0,43.0,151.34883720930233
1394,0.0,0.0,,3538.0,26.0,136.07692307692307
1395,0.0,0.0,,2810.0,20.0,140.5
1396,0.0,0.0,,2023.0,15.0,134.86666666666667
1397,2374.0,19.0,124.94736842105263,84698.0,615.0,137.72032520325203
1398,0.0,0.0,,45015.0,322.0,139.79813664596273
1399,0.0,0.0,,1764.0,12.0,147.0
1400,0.0,0.0,,3890.0,27.0,144.07407407407408
1401,0.0,0.0,,3450.0,24.0,143.75
1402,0.0,0.0,,1778.0,14.0,127.0
1403,0.0,0.0,,1102.0,8.0,137.75
1404,0.0,0.0,,4879.0,32.0,152.46875
1405,0.0,0.0,,2140.0,15.0,142.66666666666666
1406,0.0,0.0,,2112.0,15.0,140.8
1407,0.0,0.0,,1987.0,15.0,132.46666666666667
1408,0.0,0.0,,3264.0,24.0,136.0
1409,0.0,0.0,,1901.0,14.0,135.78571428571428
1410,0.0,0.0,,2249.0,16.0,140.5625
1411,0.0,0.0,,1934.0,14.0,138.14285714285714
1412,0.0,0.0,,4700.0,32.0,146.875
1413,0.0,0.0,,3787.0,26.0,145.65384615384616
1414,0.0,0.0,,4945.0,37.0,133.64864864864865
1415,0.0,0.0,,1222.0,9.0,135.77777777777777
1416,0.0,0.0,,4587.0,33.0,139.0
1417,0.0,0.0,,2540.0,19.0,133.68421052631578
1418,0.0,0.0,,18402.0,145.0,126.9103448275862
1419,246626.0,1938.0,127.25799793601651,251354.0,1737.0,144.70581462291307
1420,0.0,0.0,,4507.0,32.0,140.84375
1421,0.0,0.0,,1553.0,12.0,129.41666666666666
1422,8706.0,78.0,111.61538461538461,2134.0,16.0,133.375
1423,0.0,0.0,,1785.0,13.0,137.30769230769232
1424,0.0,0.0,,58339.0,433.0,134.73210161662817
1425,0.0,0.0,,1199.0,9.0,133.22222222222223
1426,0.0,0.0,,6533.0,45.0,145.17777777777778
1427,0.0,0.0,,3120.0,23.0,135.65217391304347
1428,0.0,0.0,,2432.0,18.0,135.11111111111111
1429,0.0,0.0,,4014.0,29.0,138.41379310344828
1430,0.0,0.0,,1619.0,12.0,134.91666666666666
1431,0.0,0.0,,2925.0,21.0,139.28571428571428
1432,0.0,0.0,,2152.0,17.0,126.58823529411765
1433,0.0,0.0,,910.0,7.0,130.0
1434,0.0,0.0,,2114.0,16.0,132.125
1435,0.0,0.0,,6985.0,49.0,142.55102040816325
1436,0.0,0.0,,14998.0,99.0,151.4949494949495
1437,0.0,0.0,,38799.0,284.0,136.6161971830986
1438,0.0,0.0,,3036.0,22.0,138.0
1439,0.0,0.0,,3547.0,26.0,136.42307692307693
1440,0.0,0.0,,45194.0,340.0,132.92352941176472
1441,0.0,0.0,,1088.0,9.0,120.88888888888889
1442,332255.0,2683.0,123.83712262392844,445915.0,3118.0,143.0131494547787
1443,0.0,0.0,,10680.0,76.0,140.52631578947367
1444,1744.0,13.0,134.15384615384616,125277.0,807.0,155.23791821561338
1445,0.0,0.0,,31991.0,240.0,133.29583333333332
1446,0.0,0.0,,19355.0,138.0,140.2536231884058
1447,2535.0,24.0,105.625,52988.0,426.0,124.3849765258216
1448,25375.0,209.0,121.41148325358851,540.0,4.0,135.0
1449,2591.0,23.0,112.65217391304348,85073.0,616.0,138.1055194805195
1450,0.0,0.0,,0.0,0.0,
1451,118.0,1.0,118.0,92538.0,649.0,142.58551617873653
1452,0.0,0.0,,4402.0,32.0,137.5625
1453,0.0,0.0,,24970.0,180.0,138.72222222222223
1454,0.0,0.0,,7905.0,63.0,125.47619047619048
1455,1555.0,14.0,111.07142857142857,86920.0,633.0,137.31437598736176
1456,0.0,0.0,,26091.0,200.0,130.455
1457,0.0,0.0,,56580.0,428.0,132.19626168224298
1458,0.0,0.0,,14948.0,112.0,133.46428571428572
1459,8105.0,72.0,112.56944444444444,93840.0,731.0,128.37209302325581
1460,41012.0,378.0,108.4973544973545,13963.0,113.0,123.56637168141593
1461,0.0,0.0,,20300.0,152.0,133.55263157894737
1462,5337.0,45.0,118.6,85864.0,605.0,141.92396694214875
1463,0.0,0.0,,54680.0,374.0,146.20320855614975
1464,2305.0,19.0,121.3157894736842,0.0,0.0,
1465,3544.0,25.0,141.76,57728.0,360.0,160.35555555555555
1466,0.0,0.0,,48693.0,361.0,134.8836565096953
1467,2799.0,23.0,121.69565217391305,81411.0,573.0,142.07853403141362
1468,13616.0,113.0,120.49557522123894,5737.0,43.0,133.41860465116278
1469,243190.0,2559.0,95.03321610003908,271763.0,2363.0,115.00761743546339
1470,14820.0,126.0,117.61904761904762,105697.0,793.0,133.2875157629256
1471,24009.0,203.0,118.27093596059113,87037.0,614.0,141.7540716612378
1472,0.0,0.0,,38556.0,296.0,130.25675675675674
1473,0.0,0.0,,26183.0,195.0,134.27179487179487
1474,0.0,0.0,,42947.0,309.0,138.98705501618122
1475,29456.0,243.0,121.21810699588477,91833.0,634.0,144.84700315457414
1476,0.0,0.0,,7665.0,57.0,134.47368421052633
1477,0.0,0.0,,417.0,3.0,139.0
1478,0.0,0.0,,13814.0,102.0,135.4313725490196
1479,22495.0,182.0,123.5989010989011,92488.0,633.0,146.11058451816746
1480,0.0,0.0,,30665.0,221.0,138.7556561085973
1481,355342.0,2861.0,124.2020272631947,353470.0,2475.0,142.81616161616162
1482,29371.0,248.0,118.43145161290323,90884.0,641.0,141.78471138845555
1483,0.0,0.0,,0.0,0.0,
1484,0.0,0.0,,3677.0,28.0,131.32142857142858
1485,0.0,0.0,,55798.0,419.0,133.16945107398567
1486,0.0,0.0,,32635.0,246.0,132.66260162601625
1487,244.0,2.0,122.0,54383.0,401.0,135.61845386533665
1488,0.0,0.0,,48578.0,356.0,136.45505617977528
1489,5382.0,50.0,107.64,101018.0,799.0,126.4305381727159
1490,7843.0,78.0,100.55128205128206,97748.0,816.0,119.78921568627452
1491,1408.0,12.0,117.33333333333333,0.0,0.0,
1492,4444.0,41.0,108.39024390243902,26156.0,210.0,124.55238095238096
1493,0.0,0.0,,0.0,0.0,
1494,0.0,0.0,,58604.0,442.0,132.58823529411765
1495,238.0,2.0,119.0,41586.0,311.0,133.71704180064307
1496,10818.0,88.0,122.93181818181819,105461.0,726.0,145.26308539944904
1497,0.0,0.0,,0.0,0.0,
1498,3976.0,35.0,113.6,99465.0,768.0,129.51171875
1499,0.0,0.0,,54617.0,388.0,140.76546391752578
1500,0.0,0.0,,45399.0,336.0,135.11607142857142
1501,6603.0,57.0,115.84210526315789,88086.0,632.0,139.376582278481
1502,16326.0,137.0,119.16788321167883,87895.0,614.0,143.1514657980456
1503,0.0,0.0,,10892.0,129.0,84.43410852713178
1504,0.0,0.0,,0.0,0.0,
1505,0.0,0.0,,35320.0,260.0,135.84615384615384
1506,0.0,0.0,,31965.0,236.0,135.4449152542373
1507,24386.0,205.0,118.9560975609756,95997.0,673.0,142.64041604754829
1508,11581.0,125.0,92.648,77395.0,700.0,110.56428571428572
1509,0.0,0.0,,0.0,0.0,
1510,233.0,2.0,116.5,82877.0,593.0,139.75885328836424
1511,0.0,0.0,,54401.0,402.0,135.32587064676616
1512,0.0,0.0,,10724.0,84.0,127.66666666666667
1513,696.0,7.0,99.42857142857143,96417.0,811.0,118.8865598027127
1514,0.0,0.0,,19062.0,143.0,133.3006993006993
1515,0.0,0.0,,23303.0,177.0,131.65536723163842
1516,0.0,0.0,,4673.0,34.0,137.44117647058823
1517,0.0,0.0,,0.0,0.0,
1518,0.0,0.0,,28931.0,225.0,128.5822222222222
1519,0.0,0.0,,22442.0,160.0,140.2625
1520,65791.0,569.0,115.6256590509666,2587.0,20.0,129.35
1521,0.0,0.0,,13031.0,103.0,126.51456310679612
1522,0.0,0.0,,66850.0,443.0,150.90293453724604
1523,0.0,0.0,,54128.0,373.0,145.1152815013405
1524,0.0,0.0,,70312.0,515.0,136.52815533980583
1525,0.0,0.0,,51589.0,411.0,125.52068126520682
1526,0.0,0.0,,0.0,0.0,
1527,0.0,0.0,,8071.0,60.0,134.51666666666668
1528,0.0,0.0,,60537.0,526.0,115.0893536121673
1529,0.0,0.0,,48409.0,357.0,135.59943977591035
1530,337757.0,2553.0,132.29808068938505,207200.0,1298.0,159.63020030816642
1531,0.0,0.0,,19706.0,155.0,127.13548387096775
1532,0.0,0.0,,0.0,0.0,
1533,0.0,0.0,,5985.0,45.0,133.0
1534,25882.0,213.0,121.51173708920187,99674.0,686.0,145.29737609329447
1535,26716.0,222.0,120.34234234234235,2402.0,18.0,133.44444444444446
1536,460.0,4.0,115.0,56369.0,429.0,131.3962703962704
1537,0.0,0.0,,6665.0,50.0,133.3
1538,0.0,0.0,,62712.0,433.0,144.83140877598152
1539,0.0,0.0,,35387.0,259.0,136.62934362934362
1540,26866.0,207.0,129.78743961352657,5017.0,35.0,143.34285714285716
1541,0.0,0.0,,0.0,0.0,
1542,0.0,0.0,,2305.0,19.0,121.3157894736842
1543,0.0,0.0,,2391.0,18.0,132.83333333333334
1544,0.0,0.0,,9249.0,72.0,128.45833333333334
1545,0.0,0.0,,83900.0,522.0,160.727969348659
1546,525.0,5.0,105.0,111830.0,905.0,123.56906077348066
1547,0.0,0.0,,5538.0,40.0,138.45
1548,0.0,0.0,,6753.0,61.0,110.70491803278688
1549,0.0,0.0,,0.0,0.0,
1550,0.0,0.0,,5092.0,38.0,134.0
1551,0.0,0.0,,687.0,5.0,137.4
1552,851.0,7.0,121.57142857142857,86357.0,603.0,143.21227197346602
1553,807.0,6.0,134.5,105528.0,696.0,151.6206896551724
1554,11358.0,92.0,123.45652173913044,95688.0,653.0,146.53598774885145
1555,0.0,0.0,,39759.0,284.0,139.99647887323943
1556,0.0,0.0,,0.0,0.0,
1557,0.0,0.0,,4835.0,37.0,130.67567567567568
1558,0.0,0.0,,3090.0,24.0,128.75
1559,0.0,0.0,,42109.0,310.0,135.83548387096775
1560,224.0,2.0,112.0,1251.0,10.0,125.1
1561,0.0,0.0,,9950.0,73.0,136.3013698630137
1562,0.0,0.0,,61402.0,460.0,133.48260869565217
1563,0.0,0.0,,7737.0,60.0,128.95
1564,0.0,0.0,,62991.0,509.0,123.75442043222004
1565,0.0,0.0,,91902.0,635.0,144.72755905511812
1566,0.0,0.0,,0.0,0.0,
1567,0.0,0.0,,132.0,1.0,132.0
1568,0.0,0.0,,0.0,0.0,
1569,448136.0,3715.0,120.62880215343203,534779.0,3638.0,146.99807586586036
1570,0.0,0.0,,33324.0,292.0,114.12328767123287
1571,10530.0,88.0,119.6590909090909,91127.0,639.0,142.60876369327073
1572,0.0,0.0,,0.0,0.0,
1573,0.0,0.0,,35980.0,268.0,134.2537313432836
1574,0.0,0.0,,35384.0,270.0,131.05185185185186
1575,0.0,0.0,,11858.0,87.0,136.29885057471265
1576,0.0,0.0,,0.0,0.0,
1577,10176.0,85.0,119.71764705882353,90260.0,625.0,144.416
1578,1234.0,9.0,137.11111111111111,76800.0,513.0,149.70760233918128
1579,0.0,0.0,,17352.0,124.0,139.93548387096774
1580,2190.0,18.0,121.66666666666667,80790.0,569.0,141.9859402460457
1581,0.0,0.0,,13250.0,100.0,132.5
1582,1892.0,16.0,118.25,13427.0,99.0,135.62626262626262
1583,0.0,0.0,,38650.0,312.0,123.87820512820512
1584,433180.0,3292.0,131.58566221142163,225633.0,1422.0,158.67299578059072
1585,0.0,0.0,,333.0,3.0,111.0
1586,0.0,0.0,,26237.0,195.0,134.54871794871795
1587,0.0,0.0,,13681.0,95.0,144.01052631578946
1588,0.0,0.0,,33821.0,253.0,133.6798418972332
1589,0.0,0.0,,51105.0,390.0,131.03846153846155
1590,899.0,10.0,89.9,101223.0,922.0,109.78633405639913
1591,331935.0,2735.0,121.3656307129799,542173.0,3719.0,145.78461952137673
1592,0.0,0.0,,91937.0,661.0,139.0877458396369
1593,0.0,0.0,,23881.0,189.0,126.35449735449735
1594,0.0,0.0,,35532.0,261.0,136.13793103448276
1595,0.0,0.0,,18608.0,137.0,135.82481751824818
1596,0.0,0.0,,0.0,0.0,
1597,0.0,0.0,,66982.0,470.0,142.51489361702127
1598,0.0,0.0,,0.0,0.0,
1599,0.0,0.0,,2259.0,17.0,132.88235294117646
1600,71499.0,566.0,126.32332155477032,95474.0,640.0,149.178125
1601,0.0,0.0,,37446.0,280.0,133.7357142857143
1602,0.0,0.0,,0.0,0.0,
1603,0.0,0.0,,40576.0,315.0,128.8126984126984
1604,0.0,0.0,,12151.0,89.0,136.52808988764045
1605,6912.0,62.0,111.48387096774194,47405.0,370.0,128.1216216216216
1606,0.0,0.0,,58602.0,446.0,131.39461883408072
1607,3288.0,26.0,126.46153846153847,101460.0,679.0,149.42562592047128
1608,4905.0,46.0,106.6304347826087,51300.0,416.0,123.3173076923077
1609,0.0,0.0,,0.0,0.0,
1610,0.0,0.0,,53405.0,405.0,131.8641975308642
1611,0.0,0.0,,61469.0,423.0,145.31678486997635
1612,0.0,0.0,,44913.0,346.0,129.8063583815029
1613,0.0,0.0,,0.0,0.0,
1614,0.0,0.0,,1747.0,13.0,134.3846153846154
1615,436.0,4.0,109.0,101343.0,806.0,125.73573200992556
1616,0.0,0.0,,19215.0,147.0,130.71428571428572
1617,0.0,0.0,,42660.0,326.0,130.85889570552146
1618,0.0,0.0,,7247.0,54.0,134.2037037037037
1619,0.0,0.0,,9509.0,70.0,135.84285714285716
1620,0.0,0.0,,55782.0,429.0,130.02797202797203
1621,2648.0,22.0,120.36363636363636,404.0,3.0,134.66666666666666
1622,0.0,0.0,,29962.0,248.0,120.81451612903226
1623,357978.0,2511.0,142.56391875746715,220472.0,1334.0,165.2713643178411
1624,0.0,0.0,,51137.0,383.0,133.51697127937337
1625,0.0,0.0,,59316.0,405.0,146.45925925925926
1626,4332.0,40.0,108.3,75706.0,610.0,124.10819672131147
1627,588.0,5.0,117.6,22676.0,171.0,132.6081871345029
1628,1545.0,13.0,118.84615384615384,85874.0,639.0,134.38810641627543
1629,0.0,0.0,,0.0,0.0,
1630,0.0,0.0,,65403.0,483.0,135.40993788819875
1631,0.0,0.0,,0.0,0.0,
1632,5387.0,45.0,119.71111111111111,93936.0,653.0,143.8529862174579
1633,702.0,6.0,117.0,41304.0,317.0,130.29652996845425
1634,5598.0,46.0,121.69565217391305,90949.0,624.0,145.75160256410257
1635,2983.0,25.0,119.32,90184.0,628.0,143.60509554140128
1636,0.0,0.0,,9544.0,70.0,136.34285714285716
1637,378.0,3.0,126.0,60769.0,429.0,141.65268065268066
1638,22215.0,199.0,111.63316582914572,122895.0,947.0,129.77296726504753
1639,44890.0,666.0,67.4024024024024,101647.0,1177.0,86.36108751062022
1640,0.0,0.0,,9742.0,74.0,131.64864864864865
1641,0.0,0.0,,34469.0,250.0,137.876
1642,0.0,0.0,,0.0,0.0,
1643,14381.0,119.0,120.84873949579831,93708.0,647.0,144.83462132921176
1644,0.0,0.0,,38956.0,286.0,136.2097902097902
1645,853.0,7.0,121.85714285714286,89415.0,626.0,142.83546325878595
1646,0.0,0.0,,13129.0,104.0,126.24038461538461
1647,0.0,0.0,,58370.0,432.0,135.11574074074073
1648,0.0,0.0,,46010.0,346.0,132.97687861271677
1649,1177.0,10.0,117.7,94488.0,716.0,131.96648044692736
1650,0.0,0.0,,0.0,0.0,
1651,0.0,0.0,,30479.0,223.0,136.67713004484304
1652,8638.0,77.0,112.18181818181819,55024.0,424.0,129.77358490566039
1653,0.0,0.0,,48103.0,387.0,124.29715762273902
1654,0.0,0.0,,47335.0,350.0,135.24285714285713
1655,0.0,0.0,,4614.0,34.0,135.7058823529412
1656,39611.0,354.0,111.8954802259887,192647.0,1459.0,132.04043865661413
1657,0.0,0.0,,8393.0,69.0,121.6376811594203
1658,0.0,0.0,,1825.0,14.0,130.35714285714286
1659,0.0,0.0,,0.0,0.0,
1660,0.0,0.0,,6792.0,50.0,135.84
1661,0.0,0.0,,56405.0,426.0,132.406103286385
1662,0.0,0.0,,51412.0,378.0,136.010582010582
1663,0.0,0.0,,54975.0,389.0,141.32390745501286
1664,683.0,6.0,113.83333333333333,52474.0,404.0,129.8861386138614
1665,0.0,0.0,,26812.0,201.0,133.39303482587064
1666,0.0,0.0,,0.0,0.0,
1667,0.0,0.0,,44617.0,339.0,131.61356932153393
1668,0.0,0.0,,48868.0,371.0,131.71967654986523
1669,0.0,0.0,,18342.0,130.0,141.09230769230768
1670,0.0,0.0,,76001.0,555.0,136.93873873873875
1671,0.0,0.0,,36837.0,262.0,140.59923664122138
1672,0.0,0.0,,28727.0,194.0,148.07731958762886
1673,22332.0,184.0,121.3695652173913,93386.0,642.0,145.46105919003116
1674,0.0,0.0,,28544.0,216.0,132.14814814814815
1675,0.0,0.0,,0.0,0.0,
1676,0.0,0.0,,63877.0,439.0,145.50569476082003
1677,0.0,0.0,,962.0,7.0,137.42857142857142
1678,0.0,0.0,,0.0,0.0,
1679,15860.0,159.0,99.74842767295597,110509.0,932.0,118.57188841201717
1680,0.0,0.0,,25992.0,190.0,136.8
1681,216.0,2.0,108.0,46219.0,377.0,122.59681697612731
1682,0.0,0.0,,6660.0,47.0,141.70212765957447
1683,0.0,0.0,,0.0,0.0,
1684,0.0,0.0,,9518.0,71.0,134.05633802816902
1685,0.0,0.0,,47328.0,295.0,160.43389830508474
1686,119.0,1.0,119.0,6487.0,48.0,135.14583333333334
1687,0.0,0.0,,48380.0,362.0,133.646408839779
1688,0.0,0.0,,56617.0,474.0,119.44514767932489
1689,0.0,0.0,,58913.0,411.0,143.34063260340633
1690,0.0,0.0,,57095.0,422.0,135.2962085308057
1691,0.0,0.0,,0.0,0.0,
1692,0.0,0.0,,7123.0,59.0,120.72881355932203
1693,0.0,0.0,,257.0,2.0,128.5
1694,0.0,0.0,,0.0,0.0,
1695,0.0,0.0,,66001.0,477.0,138.36687631027254
1696,242411.0,2016.0,120.24355158730158,199692.0,1357.0,147.15696389093588
1697,6927.0,63.0,109.95238095238095,41065.0,329.0,124.8176291793313
1698,0.0,0.0,,0.0,0.0,
1699,2089.0,17.0,122.88235294117646,56928.0,394.0,144.48730964467006
1700,257042.0,1942.0,132.35942327497426,212698.0,1353.0,157.20473022912049
1701,0.0,0.0,,524.0,4.0,131.0
1702,0.0,0.0,,84268.0,552.0,152.65942028985506
1703,0.0,0.0,,12908.0,96.0,134.45833333333334
1704,0.0,0.0,,54104.0,402.0,134.5870646766169
1705,0.0,0.0,,17408.0,136.0,128.0
1706,963.0,8.0,120.375,26874.0,199.0,135.04522613065328
1707,0.0,0.0,,63225.0,470.0,134.5212765957447
1708,477.0,4.0,119.25,93191.0,646.0,144.25851393188856
1709,0.0,0.0,,44380.0,328.0,135.3048780487805
1710,0.0,0.0,,2307.0,18.0,128.16666666666666
1711,0.0,0.0,,0.0,0.0,
1712,0.0,0.0,,59692.0,452.0,132.06194690265488
1713,0.0,0.0,,23654.0,175.0,135.16571428571427
1714,0.0,0.0,,1744.0,12.0,145.33333333333334
1715,0.0,0.0,,7595.0,54.0,140.64814814814815
1716,8827.0,69.0,127.92753623188406,48120.0,338.0,142.36686390532543
1717,0.0,0.0,,0.0,0.0,
1718,0.0,0.0,,0.0,0.0,
1719,0.0,0.0,,6177.0,48.0,128.6875
1720,59703.0,513.0,116.38011695906432,25916.0,199.0,130.23115577889448
1721,0.0,0.0,,29761.0,225.0,132.2711111111111
1722,341092.0,2599.0,131.2397075798384,216380.0,1372.0,157.71137026239066
1723,0.0,0.0,,0.0,0.0,
1724,0.0,0.0,,0.0,0.0,
1725,0.0,0.0,,6422.0,49.0,131.0612244897959
1726,0.0,0.0,,4756.0,35.0,135.88571428571427
1727,0.0,0.0,,11022.0,79.0,139.51898734177215
1728,0.0,0.0,,30245.0,232.0,130.36637931034483
1729,0.0,0.0,,46599.0,374.0,124.59625668449198
1730,0.0,0.0,,53900.0,384.0,140.36458333333334
1731,0.0,0.0,,4606.0,34.0,135.47058823529412
1732,0.0,0.0,,14180.0,108.0,131.2962962962963
1733,0.0,0.0,,136.0,1.0,136.0
1734,0.0,0.0,,2648.0,19.0,139.3684210526316
1735,0.0,0.0,,56738.0,428.0,132.56542056074767
1736,0.0,0.0,,7926.0,63.0,125.80952380952381
1737,0.0,0.0,,60082.0,435.0,138.11954022988505
1738,3611.0,25.0,144.44,100647.0,644.0,156.28416149068323
1739,0.0,0.0,,1644.0,13.0,126.46153846153847
1740,0.0,0.0,,704.0,5.0,140.8
1741,0.0,0.0,,44981.0,327.0,137.5565749235474
1742,0.0,0.0,,414.0,3.0,138.0
1743,0.0,0.0,,23976.0,178.0,134.69662921348313
1744,6875.0,57.0,120.6140350877193,0.0,0.0,
1745,0.0,0.0,,18701.0,153.0,122.22875816993464
1746,0.0,0.0,,0.0,0.0,
1747,0.0,0.0,,11036.0,88.0,125.4090909090909
1748,0.0,0.0,,49824.0,345.0,144.41739130434783
1749,0.0,0.0,,4593.0,33.0,139.1818181818182
1750,0.0,0.0,,95040.0,768.0,123.75
1751,0.0,0.0,,1583.0,14.0,113.07142857142857
1752,0.0,0.0,,0.0,0.0,
1753,1668.0,15.0,111.2,81995.0,613.0,133.76019575856444
1754,0.0,0.0,,7622.0,59.0,129.1864406779661
1755,0.0,0.0,,43955.0,352.0,124.8721590909091
1756,0.0,0.0,,52501.0,394.0,133.251269035533
1757,946.0,8.0,118.25,5913.0,44.0,134.38636363636363
1758,0.0,0.0,,40468.0,304.0,133.1184210526316
1759,0.0,0.0,,15277.0,113.0,135.1946902654867
1760,0.0,0.0,,42969.0,326.0,131.80674846625766
1761,0.0,0.0,,13378.0,95.0,140.82105263157894
1762,324.0,3.0,108.0,33935.0,277.0,122.50902527075812
1763,0.0,0.0,,17813.0,142.0,125.44366197183099
1764,2481.0,21.0,118.14285714285714,104655.0,781.0,134.00128040973112
1765,0.0,0.0,,3636.0,28.0,129.85714285714286
1766,46040.0,372.0,123.76344086021506,94526.0,643.0,147.0077760497667
1767,0.0,0.0,,24742.0,180.0,137.45555555555555
1768,0.0,0.0,,1967.0,15.0,131.13333333333333
1769,0.0,0.0,,2301.0,19.0,121.10526315789474
1770,0.0,0.0,,42495.0,325.0,130.75384615384615
1771,0.0,0.0,,6424.0,48.0,133.83333333333334
1772,0.0,0.0,,4443.0,34.0,130.6764705882353
1773,33525.0,492.0,68.14024390243902,69260.0,792.0,87.44949494949495
1774,0.0,0.0,,60730.0,466.0,130.32188841201716
1775,0.0,0.0,,2334.0,17.0,137.2941176470588
1776,264.0,2.0,132.0,101082.0,652.0,155.03374233128835
1777,0.0,0.0,,36694.0,276.0,132.94927536231884
1778,440.0,4.0,110.0,52848.0,415.0,127.34457831325301
1779,1921.0,14.0,137.21428571428572,173219.0,1131.0,153.15561450044208
1780,2829.0,23.0,123.0,0.0,0.0,
1781,0.0,0.0,,58813.0,411.0,143.09732360097323
1782,895.0,8.0,111.875,92045.0,670.0,137.38059701492537
1783,0.0,0.0,,8484.0,61.0,139.08196721311475
1784,0.0,0.0,,23369.0,185.0,126.31891891891892
1785,29986.0,267.0,112.30711610486891,35234.0,225.0,156.59555555555556
1786,0.0,0.0,,0.0,0.0,
1787,0.0,0.0,,47330.0,380.0,124.55263157894737
1788,0.0,0.0,,22423.0,156.0,143.73717948717947
1789,0.0,0.0,,44058.0,332.0,132.70481927710844
1790,0.0,0.0,,13111.0,98.0,133.78571428571428
1791,0.0,0.0,,0.0,0.0,
1792,3332.0,30.0,111.06666666666666,43999.0,346.0,127.16473988439306
1793,0.0,0.0,,7665.0,57.0,134.47368421052633
1794,0.0,0.0,,945.0,7.0,135.0
1795,0.0,0.0,,1509.0,11.0,137.1818181818182
1796,0.0,0.0,,24216.0,184.0,131.6086956521739
1797,250.0,2.0,125.0,0.0,0.0,
1798,4730.0,46.0,102.82608695652173,1755.0,15.0,117.0
1799,0.0,0.0,,43562.0,346.0,125.90173410404624
1800,352359.0,2730.0,129.06923076923076,203996.0,1303.0,156.55871066768995
1801,0.0,0.0,,38530.0,283.0,136.14840989399292
1802,0.0,0.0,,40532.0,306.0,132.45751633986927
1803,471.0,4.0,117.75,11185.0,83.0,134.75903614457832
1804,230.0,2.0,115.0,94982.0,735.0,129.22721088435375
1805,0.0,0.0,,5834.0,47.0,124.12765957446808
1806,0.0,0.0,,53128.0,385.0,137.9948051948052
1807,0.0,0.0,,45135.0,336.0,134.33035714285714
1808,0.0,0.0,,5203.0,39.0,133.4102564102564
1809,0.0,0.0,,0.0,0.0,
1810,1298.0,11.0,118.0,9693.0,72.0,134.625
1811,109.0,1.0,109.0,14083.0,113.0,124.6283185840708
1812,0.0,0.0,,2158.0,16.0,134.875
1813,0.0,0.0,,56055.0,384.0,145.9765625
1814,0.0,0.0,,1178.0,9.0,130.88888888888889
1815,0.0,0.0,,51030.0,387.0,131.86046511627907
1816,248.0,2.0,124.0,62995.0,430.0,146.5
1817,0.0,0.0,,79460.0,576.0,137.95138888888889
1818,0.0,0.0,,104113.0,827.0,125.89238210399033
1819,0.0,0.0,,6230.0,46.0,135.43478260869566
1820,0.0,0.0,,129.0,1.0,129.0
1821,94528.0,777.0,121.65765765765765,109793.0,765.0,143.5202614379085
1822,744.0,6.0,124.0,52329.0,379.0,138.0712401055409
1823,33021.0,272.0,121.40073529411765,179995.0,1319.0,136.46322971948445
1824,0.0,0.0,,6500.0,48.0,135.41666666666666
1825,439747.0,3309.0,132.89422786340285,216807.0,1362.0,159.18281938325993
1826,5874.0,47.0,124.97872340425532,97206.0,658.0,147.72948328267478
1827,17301.0,253.0,68.38339920948617,62114.0,710.0,87.48450704225353
1828,0.0,0.0,,62990.0,457.0,137.83369803063457
1829,0.0,0.0,,30296.0,219.0,138.337899543379
1830,0.0,0.0,,15608.0,113.0,138.12389380530973
1831,0.0,0.0,,76674.0,481.0,159.40540540540542
1832,0.0,0.0,,16670.0,123.0,135.52845528455285
1833,0.0,0.0,,1354.0,11.0,123.0909090909091
1834,0.0,0.0,,36941.0,282.0,130.9964539007092
1835,0.0,0.0,,1532.0,11.0,139.27272727272728
1836,0.0,0.0,,0.0,0.0,
1837,6285.0,52.0,120.86538461538461,94588.0,655.0,144.4091603053435
1838,0.0,0.0,,53448.0,407.0,131.32186732186733
1839,0.0,0.0,,54654.0,376.0,145.35638297872342
1840,0.0,0.0,,61573.0,464.0,132.70043103448276
1841,340.0,3.0,113.33333333333333,90897.0,708.0,128.385593220339
1842,0.0,0.0,,41157.0,298.0,138.11073825503357
1843,0.0,0.0,,8526.0,64.0,133.21875
1844,0.0,0.0,,26777.0,187.0,143.19251336898395
1845,0.0,0.0,,48953.0,337.0,145.26112759643917
1846,19744.0,163.0,121.12883435582822,1762.0,13.0,135.53846153846155
1847,196670.0,1427.0,137.82060266292922,218541.0,1417.0,154.22794636556105
1848,59609.0,479.0,124.4446764091858,97185.0,660.0,147.25
1849,0.0,0.0,,20392.0,153.0,133.281045751634
1850,2404.0,24.0,100.16666666666667,48201.0,408.0,118.13970588235294
1851,0.0,0.0,,58125.0,414.0,140.3985507246377
1852,262057.0,2043.0,128.27068037200195,199668.0,1298.0,153.82742681047765
1853,0.0,0.0,,6456.0,54.0,119.55555555555556
1854,0.0,0.0,,6644.0,48.0,138.41666666666666
1855,0.0,0.0,,22993.0,167.0,137.68263473053892
1856,0.0,0.0,,1623.0,12.0,135.25
1857,0.0,0.0,,38551.0,304.0,126.8125
1858,0.0,0.0,,0.0,0.0,
1859,4534.0,39.0,116.25641025641026,91360.0,647.0,141.20556414219473
1860,0.0,0.0,,114879.0,820.0,140.09634146341463
1861,122.0,1.0,122.0,83050.0,581.0,142.94320137693632
1862,4909.0,44.0,111.56818181818181,84071.0,621.0,135.38003220611915
1863,121.0,1.0,121.0,1205.0,9.0,133.88888888888889
1864,0.0,0.0,,6915.0,49.0,141.12244897959184
1865,0.0,0.0,,20644.0,162.0,127.4320987654321
1866,0.0,0.0,,4241.0,31.0,136.80645161290323
1867,0.0,0.0,,5988.0,46.0,130.17391304347825
1868,5640.0,54.0,104.44444444444444,98838.0,811.0,121.87176325524044
1869,4506.0,37.0,121.78378378378379,93559.0,640.0,146.1859375
1870,0.0,0.0,,47551.0,340.0,139.85588235294117
1871,2947.0,26.0,113.34615384615384,510.0,4.0,127.5
1872,0.0,0.0,,28245.0,214.0,131.98598130841123
1873,0.0,0.0,,23790.0,181.0,131.4364640883978
1874,0.0,0.0,,7198.0,56.0,128.53571428571428
1875,0.0,0.0,,19013.0,153.0,124.26797385620915
1876,0.0,0.0,,0.0,0.0,
1877,1806.0,15.0,120.4,88755.0,615.0,144.3170731707317
1878,0.0,0.0,,127.0,1.0,127.0
1879,3146.0,28.0,112.35714285714286,120718.0,923.0,130.7887323943662
1880,0.0,0.0,,37798.0,284.0,133.09154929577466
1881,0.0,0.0,,26041.0,222.0,117.3018018018018
1882,0.0,0.0,,0.0,0.0,
1883,0.0,0.0,,6525.0,49.0,133.16326530612244
1884,0.0,0.0,,0.0,0.0,
1885,0.0,0.0,,18402.0,145.0,126.9103448275862
1886,17852.0,155.0,115.1741935483871,86941.0,626.0,138.88338658146964
1887,0.0,0.0,,8147.0,59.0,138.08474576271186
1888,383393.0,2807.0,136.5846099038119,221250.0,1369.0,161.61431701972242
1889,0.0,0.0,,62207.0,463.0,134.35637149028076
1890,0.0,0.0,,50975.0,387.0,131.71834625322998
1891,0.0,0.0,,39775.0,299.0,133.0267558528428
1892,0.0,0.0,,42543.0,323.0,131.7120743034056
1893,0.0,0.0,,50218.0,367.0,136.83378746594005
1894,0.0,0.0,,4464.0,37.0,120.64864864864865
1895,6150.0,51.0,120.58823529411765,88045.0,612.0,143.8643790849673
1896,0.0,0.0,,54865.0,406.0,135.13546798029557
1897,16426.0,114.0,144.08771929824562,53649.0,333.0,161.1081081081081
1898,0.0,0.0,,57677.0,391.0,147.51150895140665
1899,0.0,0.0,,77304.0,576.0,134.20833333333334
1900,24903.0,202.0,123.28217821782178,93657.0,640.0,146.3390625
1901,0.0,0.0,,48277.0,357.0,135.2296918767507
1902,0.0,0.0,,4406.0,33.0,133.5151515151515
1903,0.0,0.0,,46664.0,335.0,139.2955223880597
1904,0.0,0.0,,26867.0,194.0,138.48969072164948
1905,5663.0,49.0,115.57142857142857,89265.0,636.0,140.35377358490567
1906,4454.0,43.0,103.5813953488372,106133.0,869.0,122.13233601841196
1907,0.0,0.0,,17455.0,133.0,131.2406015037594
1908,0.0,0.0,,47587.0,348.0,136.74425287356323
1909,298823.0,2086.0,143.251677852349,220283.0,1305.0,168.7992337164751
1910,980.0,8.0,122.5,93148.0,633.0,147.1532385466035
1911,0.0,0.0,,46259.0,343.0,134.865889212828
1912,0.0,0.0,,60520.0,409.0,147.97066014669926
1913,106.0,1.0,106.0,50062.0,403.0,124.22332506203475
1914,2210.0,18.0,122.77777777777777,95212.0,698.0,136.40687679083095
1915,0.0,0.0,,40058.0,297.0,134.87542087542087
1916,342.0,3.0,114.0,10100.0,78.0,129.48717948717947
1917,1721.0,16.0,107.5625,26918.0,218.0,123.4770642201835
1918,0.0,0.0,,31605.0,246.0,128.47560975609755
1919,0.0,0.0,,25444.0,198.0,128.5050505050505
1920,0.0,0.0,,52101.0,383.0,136.03394255874673
1921,0.0,0.0,,0.0,0.0,
1922,0.0,0.0,,0.0,0.0,
1923,0.0,0.0,,6931.0,51.0,135.90196078431373
1924,0.0,0.0,,52301.0,338.0,154.73668639053255
1925,1744.0,15.0,116.26666666666667,0.0,0.0,
1926,0.0,0.0,,26195.0,212.0,123.56132075471699
1927,0.0,0.0,,8316.0,62.0,134.1290322580645
1928,0.0,0.0,,951.0,7.0,135.85714285714286
1929,126.0,1.0,126.0,0.0,0.0,
1930,0.0,0.0,,0.0,0.0,
1931,0.0,0.0,,33778.0,255.0,132.46274509803922
1932,0.0,0.0,,45791.0,337.0,135.87833827893175
1933,0.0,0.0,,105573.0,893.0,118.22284434490481
1934,0.0,0.0,,46759.0,368.0,127.0625
1935,0.0,0.0,,26529.0,203.0,130.6847290640394
1936,2692.0,25.0,107.68,120569.0,957.0,125.9864158829676
1937,4334.0,41.0,105.70731707317073,84513.0,643.0,131.43545878693624
1938,0.0,0.0,,631.0,5.0,126.2
